group,anarci_label,seq_index,pdb_auth_label,aa,variant
CDR1,H30,30,30,S,
CDR1,H31,31,31,E,
CDR2,H52,52,52,S,
CDR2,H52A,53,52A,W,
CDR2,H53,54,53,S,
CDR2,H54,55,54,G,
CDR2,H55,56,55,G,
CDR2,H56,57,56,S,
CDR2,H57,58,57,T,
CDR2,H58,59,58,Y,
CDR2,H59,60,59,Y,
CDR2,H60,61,60,T,
CDR2,H61,62,61,D,
CDR2,H62,63,62,S,
CDR2,H63,64,63,V,
CDR2,H64,65,64,K,
CDR3,H96,100,96,G,
CDR3,H97,101,97,L,
CDR3,H98,102,98,G,
CDR3,H99,103,99,T,
CDR3,H100,104,100,V,
CDR3,H100A,105,100A,V,
CDR3,H100B,106,100B,S,
CDR3,H100C,107,100C,E,
CDR3,H100D,108,100D,W,
CDR3,H100E,109,100E,D,
CDR3,H100F,110,100F,Y,
CDR3,H100G,111,100G,D,
full_CDR1,H31,31,31,E,
full_CDR1,H32,32,32,Y,
full_CDR1,H33,33,33,A,
full_CDR1,H34,34,34,M,
full_CDR1,H35,35,35,G,
full_CDR2,H50,50,50,T,
full_CDR2,H51,51,51,I,
full_CDR2,H52,52,52,S,
full_CDR2,H52A,53,52A,W,
full_CDR2,H53,54,53,S,
full_CDR2,H54,55,54,G,
full_CDR2,H55,56,55,G,
full_CDR2,H56,57,56,S,
full_CDR2,H57,58,57,T,
full_CDR2,H58,59,58,Y,
full_CDR2,H59,60,59,Y,
full_CDR2,H60,61,60,T,
full_CDR2,H61,62,61,D,
full_CDR2,H62,63,62,S,
full_CDR2,H63,64,63,V,
full_CDR2,H64,65,64,K,
full_CDR2,H65,66,65,G,
full_CDR3,H95,99,95,A,
full_CDR3,H96,100,96,G,
full_CDR3,H97,101,97,L,
full_CDR3,H98,102,98,G,
full_CDR3,H99,103,99,T,
full_CDR3,H100,104,100,V,
full_CDR3,H100A,105,100A,V,
full_CDR3,H100B,106,100B,S,
full_CDR3,H100C,107,100C,E,
full_CDR3,H100D,108,100D,W,
full_CDR3,H100E,109,100E,D,
full_CDR3,H100F,110,100F,Y,
full_CDR3,H100G,111,100G,D,
full_CDR3,H100H,112,100H,Y,
full_CDR3,H101,113,101,D,
full_CDR3,H102,114,102,Y,
known_variant,H56,57,56,S,S56M
known_variant,H97,101,97,L,L97W
known_variant,H99,103,99,T,T99V
