source,label,known_combo,known_mutation_count,known_site_unknown_states,multi_evolve_pairwise_benefit_log10,multi_evolve_pairwise_loss,multi_evolve_pairwise_pred_off_rate_x1e4_s,multi_evolve_pairwise_pred_improvement_fold,saturated_fit_benefit_log10,has_S56M,has_L97W,has_T99V,observed_off_rate_x1e4_s,observed_benefit_log10,pairwise_residual_benefit_log10,sequence,source_csv,rank,edit_count,sample_idx,ipsae_min,iptm,binder_ca_rmsd_target_aligned,rmsd_pass
publication_grid,WT,WT,0,,5.004961111801527e-16,-5.004961111801527e-16,90.9999999999999,1.000000000000001,-0.03647234460422202,False,False,False,91.0,0.0,5.004961111801527e-16,,,,,,,,,
publication_grid,S56M,S56M,1,,0.4676796984868206,-0.4676796984868206,31.00000000000002,2.9354838709677398,0.504152043091041,True,False,False,31.0,0.4676796984868209,-2.7755575615628914e-16,,,,,,,,,
publication_grid,L97W,L97W,1,,0.7037688872177883,-0.7037688872177883,17.999999999999968,5.055555555555564,0.7402412318220083,False,True,False,18.0,0.7037688872177875,7.771561172376096e-16,,,,,,,,,
publication_grid,T99V,T99V,1,,1.1017088958898253,-1.1017088958898253,7.199999999999997,12.638888888888895,1.1381812404940463,False,False,True,7.2,1.1017088958898251,2.220446049250313e-16,,,,,,,,,
publication_grid,S56M+L97W,S56M+L97W,2,,1.3155887158349062,-1.3155887158349062,4.3999999999999995,20.681818181818183,1.2791163712306834,True,True,False,4.4,1.315588715834906,2.220446049250313e-16,,,,,,,,,
publication_grid,S56M+T99V,S56M+T99V,2,,1.3462575356013589,-1.3462575356013589,4.0999999999999925,22.19512195121955,1.3097851909971356,True,False,True,4.1,1.3462575356013582,6.661338147750939e-16,,,,,,,,,
publication_grid,L97W+T99V,L97W+T99V,2,,1.4149733479708182,-1.4149733479708182,3.4999999999999982,26.000000000000014,1.3785010033665954,False,True,True,3.5,1.414973347970818,2.220446049250313e-16,,,,,,,,,
publication_grid,S56M+L97W+T99V,S56M+L97W+T99V,3,,1.8036621178126495,-1.8036621178126495,1.4301423735563492,63.630028508077416,1.5483557055830968,True,True,True,2.8,1.5118833609788744,0.2917787568337751,,,,,,,,,
design_csv,design_edit_6_sample_4,WT,0,L97W@101:G,5.004961111801527e-16,-5.004961111801527e-16,90.9999999999999,1.000000000000001,-0.03647234460422202,False,False,False,,,,QVQLQESGGGLVQAGGSLRLSCAASGRTFSSYAMGWFRQAPGKEREFVATISGSGGSTYYGDSVKGRFTISRDNAKNTVYLQMNSLKPDDTAVYYCAAAGGGTVVSSWDYYYDYWGQGTQVTVSSGS,VHH72_benchmark_both_200/mutation_recovery.csv,,6,4,0.7180247902870178,0.8636144995689392,51.07044280484588,false
design_csv,design_edit_5_sample_0,WT,0,,5.004961111801527e-16,-5.004961111801527e-16,90.9999999999999,1.000000000000001,-0.03647234460422202,False,False,False,,,,QVQLQESGGGLVQAGGSLRLSCAASGRTFSWYAMGWFRQAPGKEREFVATISWSGGSTYYTDSVKGRFTISRDNAKNTVYLQMNSLKPDDTAVYYCAAAGLGTVVMWWDNSYDYWGQGTQVTVSSGS,VHH72_benchmark_both_200/mutation_recovery.csv,,5,0,0.7166540026664734,0.8475276231765747,53.232907193449705,false
design_csv,design_edit_6_sample_4,WT,0,T99V@103:S,5.004961111801527e-16,-5.004961111801527e-16,90.9999999999999,1.000000000000001,-0.03647234460422202,False,False,False,,,,QVQLQESGGGLVQAGGSLRLSCAASGRTFSSYAMGWFRQAPGKEREFVATISWSGGSTYYTDSVKGRFTISRDNAKNTVYLQMNSLKPDDTAVYYCAAAGLGSVSSGWSYYYDYWGQGTQVTVSSGS,VHH72_benchmark_both_200/mutation_recovery.csv,,6,4,0.7058035135269165,0.8373827338218689,27.7108968980324,false
design_csv,design_edit_7_sample_0,WT,0,L97W@101:G,5.004961111801527e-16,-5.004961111801527e-16,90.9999999999999,1.000000000000001,-0.03647234460422202,False,False,False,,,,QVQLQESGGGLVQAGGSLRLSCAASGRTFSEYAMGWFRQAPGKEREFVATISGSGGSTYYGDSVKGRFTISRDNAKNTVYLQMNSLKPDDTAVYYCAAAGGGTVSSGWYYYYDYWGQGTQVTVSSGS,VHH72_benchmark_both_200/mutation_recovery.csv,,7,0,0.6986771821975708,0.8333606123924255,47.43119450586335,false
design_csv,design_edit_7_sample_3,WT,0,,5.004961111801527e-16,-5.004961111801527e-16,90.9999999999999,1.000000000000001,-0.03647234460422202,False,False,False,,,,QVQLQESGGGLVQAGGSLRLSCAASGRTFSSYAMGWFRQAPGKEREFVATISGSGGSTYYGDSVKGRFTISRDNAKNTVYLQMNSLKPDDTAVYYCAAAGLGTVVSFWSGYYDYWGQGTQVTVSSGS,VHH72_benchmark_both_200/mutation_recovery.csv,,7,3,0.6965199112892151,0.8082784414291382,35.090882912693445,false
design_csv,design_edit_6_sample_1,WT,0,,5.004961111801527e-16,-5.004961111801527e-16,90.9999999999999,1.000000000000001,-0.03647234460422202,False,False,False,,,,QVQLQESGGGLVQAGGSLRLSCAASGRTFSSYAMGWFRQAPGKEREFVATISGSGGSTYYTDSVKGRFTISRDNAKNTVYLQMNSLKPDDTAVYYCAAAGLGTVVVTWGYYYDYWGQGTQVTVSSGS,VHH72_benchmark_both_200/mutation_recovery.csv,,6,1,0.695183515548706,0.8295494318008423,59.40912226491664,false
design_csv,design_edit_7_sample_2,WT,0,,5.004961111801527e-16,-5.004961111801527e-16,90.9999999999999,1.000000000000001,-0.03647234460422202,False,False,False,,,,QVQLQESGGGLVQAGGSLRLSCAASGRTFSSYAMGWFRQAPGKEREFVATISGSGGSTYYTDSVKGRFTISRDNAKNTVYLQMNSLKPDDTAVYYCAAAGLGTVGSGSYYSYDYWGQGTQVTVSSGS,VHH72_benchmark_both_200/mutation_recovery.csv,,7,2,0.6912948489189148,0.8484921455383301,60.3145265064435,false
design_csv,design_edit_5_sample_2,WT,0,S56M@57:T,5.004961111801527e-16,-5.004961111801527e-16,90.9999999999999,1.000000000000001,-0.03647234460422202,False,False,False,,,,QVQLQESGGGLVQAGGSLRLSCAASGRTFSNYAMGWFRQAPGKEREFVATISGSFGTTYYTDSVKGRFTISRDNAKNTVYLQMNSLKPDDTAVYYCAAAGLVTVVSEWDYDYDYWGQGTQVTVSSGS,VHH72_benchmark_both_200/mutation_recovery.csv,,5,2,0.6844678521156311,0.8169692754745483,19.92355775872926,false
design_csv,design_edit_7_sample_3,WT,0,,5.004961111801527e-16,-5.004961111801527e-16,90.9999999999999,1.000000000000001,-0.03647234460422202,False,False,False,,,,QVQLQESGGGLVQAGGSLRLSCAASGRTFSSYAMGWFRQAPGKEREFVATISGSGGSTYYTDSVKGRFTISRDNAKNTVYLQMNSLKPDDTAVYYCAAAGLGTYSSSWPYYYDYWGQGTQVTVSSGS,VHH72_benchmark_both_200/mutation_recovery.csv,,7,3,0.6798630356788635,0.8213499784469604,62.14939733520431,false
design_csv,design_edit_6_sample_0,WT,0,,5.004961111801527e-16,-5.004961111801527e-16,90.9999999999999,1.000000000000001,-0.03647234460422202,False,False,False,,,,QVQLQESGGGLVQAGGSLRLSCAASGRTFSSYAMGWFRQAPGKEREFVATISWSGGSTYYGDSVKGRFTISRDNAKNTVYLQMNSLKPDDTAVYYCAAAGLGTVSSSWSYYYDYWGQGTQVTVSSGS,VHH72_benchmark_both_200/mutation_recovery.csv,,6,0,0.6757621765136719,0.8016671538352966,52.59374273016104,false
design_csv,design_edit_5_sample_4,WT,0,S56M@57:G,5.004961111801527e-16,-5.004961111801527e-16,90.9999999999999,1.000000000000001,-0.03647234460422202,False,False,False,,,,QVQLQESGGGLVQAGGSLRLSCAASGRTFSSYAMGWFRQAPGKEREFVATISWSGGGTYYTDSVKGRFTISRDNAKNTVYLQMNSLKPDDTAVYYCAAAALGTVRSEWDSDYDYWGQGTQVTVSSGS,VHH72_benchmark_both_200/mutation_recovery.csv,,5,4,0.6701041460037231,0.8049812912940979,47.55262237903853,false
design_csv,design_edit_7_sample_2,WT,0,L97W@101:G,5.004961111801527e-16,-5.004961111801527e-16,90.9999999999999,1.000000000000001,-0.03647234460422202,False,False,False,,,,QVQLQESGGGLVQAGGSLRLSCAASGRTFSSYAMGWFRQAPGKEREFVATISGSGGSTYYTDSVKGRFTISRDNAKNTVYLQMNSLKPDDTAVYYCAAAGGGTVVSFWSGYYDYWGQGTQVTVSSGS,VHH72_benchmark_both_200/mutation_recovery.csv,,7,2,0.6682993173599243,0.7934991121292114,28.971789420109584,false
design_csv,design_edit_6_sample_1,WT,0,T99V@103:S,5.004961111801527e-16,-5.004961111801527e-16,90.9999999999999,1.000000000000001,-0.03647234460422202,False,False,False,,,,QVQLQESGGGLVQAGGSLRLSCAASGRTFSSYAMGWFRQAPGKEREFVATISGSGGSTYYTDSVKGRFTISRDNAKNTVYLQMNSLKPDDTAVYYCAAAGLGSVVSGWPYYYDYWGQGTQVTVSSGS,VHH72_benchmark_both_200/mutation_recovery.csv,,6,1,0.6664903163909912,0.8391988277435303,52.59652112173177,false
design_csv,design_edit_5_sample_3,WT,0,L97W@101:H;T99V@103:A,5.004961111801527e-16,-5.004961111801527e-16,90.9999999999999,1.000000000000001,-0.03647234460422202,False,False,False,,,,QVQLQESGGGLVQAGGSLRLSCAASGRTFSEYAMGWFRQAPGKEREFVATISWSGGSTYYTDSVKGRFTISRDNAKNTVYLQMNSLKPDDTAVYYCAAAGHGAVVRQWTYDYDYWGQGTQVTVSSGS,VHH72_benchmark_both_200/mutation_recovery.csv,,5,3,0.6568750143051147,0.807847797870636,46.89789681672531,false
design_csv,design_edit_6_sample_4,WT,0,L97W@101:G;T99V@103:G,5.004961111801527e-16,-5.004961111801527e-16,90.9999999999999,1.000000000000001,-0.03647234460422202,False,False,False,,,,QVQLQESGGGLVQAGGSLRLSCAASGRTFSSYAMGWFRQAPGKEREFVATISWSGGSTYYTDSVKGRFTISRDNAKNTVYLQMNSLKPDDTAVYYCAAAGGGGGGSGWDYDYDYWGQGTQVTVSSGS,VHH72_benchmark_both_200/mutation_recovery.csv,,6,4,0.6550157070159912,0.7920675277709961,27.677255972124623,false
design_csv,design_edit_5_sample_2,WT,0,L97W@101:V,5.004961111801527e-16,-5.004961111801527e-16,90.9999999999999,1.000000000000001,-0.03647234460422202,False,False,False,,,,QVQLQESGGGLVQAGGSLRLSCAASGRTFSEYAMGWFRQAPGKEREFVATISVSGGSTYYTDSVKGRFTISRDNAKNTVYLQMNSLKPDDTAVYYCAAAGVGTVVLDWDVDYDYWGQGTQVTVSSGS,VHH72_benchmark_both_200/mutation_recovery.csv,,5,2,0.6542088985443115,0.7788355946540833,52.82191604267158,false
design_csv,design_edit_6_sample_4,WT,0,,5.004961111801527e-16,-5.004961111801527e-16,90.9999999999999,1.000000000000001,-0.03647234460422202,False,False,False,,,,QVQLQESGGGLVQAGGSLRLSCAASGRTFSSYAMGWFRQAPGKEREFVATISGSGGSTYYTDSVKGRFTISRDNAKNTVYLQMNSLKPDDTAVYYCAAAGLCTVSSCWDYYYDYWGQGTQVTVSSGS,VHH72_benchmark_both_200/mutation_recovery.csv,,6,4,0.6539624929428101,0.78455650806427,10.22027564962558,false
design_csv,design_edit_7_sample_1,WT,0,L97W@101:G,5.004961111801527e-16,-5.004961111801527e-16,90.9999999999999,1.000000000000001,-0.03647234460422202,False,False,False,,,,QVQLQESGGGLVQAGGSLRLSCAASGRTFSSYAMGWFRQAPGKEREFVATISGSGGSTYYTDSVKGRFTISRDNAKNTVYLQMNSLKPDDTAVYYCAAAGGGTVVVTWGYYYDYWGQGTQVTVSSGS,VHH72_benchmark_both_200/mutation_recovery.csv,,7,1,0.6455856561660767,0.7967772483825684,59.149444731100914,false
design_csv,design_edit_5_sample_4,L97W,1,T99V@103:I,0.7037688872177883,-0.7037688872177883,17.999999999999968,5.055555555555564,0.7402412318220083,False,True,False,,,,QVQLQESGGGLVQAGGSLRLSCAASGRTFSGYAMGWFRQAPGKEREFVATISGSGGSTYYTDSTKGRFTISRDNAKNTVYLQMNSLKPDDTAVYYCAAAGWGIVVSEWDYDYDYWGQGTQVTVSSGS,VHH72_benchmark_both_200/mutation_recovery.csv,,5,4,0.6385310888290405,0.7627286911010742,42.473977331687735,false
design_csv,design_edit_7_sample_3,WT,0,,5.004961111801527e-16,-5.004961111801527e-16,90.9999999999999,1.000000000000001,-0.03647234460422202,False,False,False,,,,QVQLQESGGGLVQAGGSLRLSCAASGRTFSSYAMGWFRQAPGKEREFVATISGSGGSTYYGDSVKGRFTISRDNAKNTVYLQMNSLKPDDTAVYYCAAAGLGTVSSSWSYYYDYWGQGTQVTVSSGS,VHH72_benchmark_both_200/mutation_recovery.csv,,7,3,0.6373872756958008,0.7776956558227539,57.947726055507275,false
design_csv,design_edit_7_sample_4,T99V,1,,1.1017088958898253,-1.1017088958898253,7.199999999999997,12.638888888888895,1.1381812404940463,False,False,True,,,,QVQLQESGGGLVQAGGSLRLSCAASGRTFSSYAMGWFRQAPGKEREFVATISGSGGSTYYTDSVKGRFTISRDNAKNTVYLQMNSLKPDDTAVYYCAAAGLGVVVSGWGSGYDYWGQGTQVTVSSGS,VHH72_benchmark_both_200/mutation_recovery.csv,,7,4,0.637342095375061,0.8078131675720215,37.64322517184797,false
design_csv,design_edit_6_sample_0,WT,0,,5.004961111801527e-16,-5.004961111801527e-16,90.9999999999999,1.000000000000001,-0.03647234460422202,False,False,False,,,,QVQLQESGGGLVQAGGSLRLSCAASGRTFSSYAMGWFRQAPGKEREFVATISWSGGSTYYTDSVKGRFTISRDNAKNTVYLQMNSLKPDDTAVYYCAAAGLGTVSSGWSSGYDYWGQGTQVTVSSGS,VHH72_benchmark_both_200/mutation_recovery.csv,,6,0,0.6363440752029419,0.7874470949172974,26.156743940173385,false
design_csv,design_edit_5_sample_2,WT,0,L97W@101:A,5.004961111801527e-16,-5.004961111801527e-16,90.9999999999999,1.000000000000001,-0.03647234460422202,False,False,False,,,,QVQLQESGGGLVQAGGSLRLSCAASGRTFSEYAMGWFRQAPGKEREFVATISWSGGSTYYTDSVKGRFTISRDNAKNTVYLQMNSLKPDDTAVYYCAAAVAGTGPSWWDYDYDYWGQGTQVTVSSGS,VHH72_benchmark_both_200/mutation_recovery.csv,,5,2,0.6363152265548706,0.7801563739776611,47.88009894782527,false
design_csv,design_edit_6_sample_4,WT,0,L97W@101:G,5.004961111801527e-16,-5.004961111801527e-16,90.9999999999999,1.000000000000001,-0.03647234460422202,False,False,False,,,,QVQLQESGGGLVQAGGSLRLSCAASGRTFSSYAMGWFRQAPGKEREFVATISGSGGSTYYTDSVKGRFTISRDNAKNTVYLQMNSLKPDDTAVYYCAAAGGGTVSSGWDGDYDYWGQGTQVTVSSGS,VHH72_benchmark_both_200/mutation_recovery.csv,,6,4,0.6361303329467773,0.7989205121994019,48.45690919627753,false
design_csv,design_edit_7_sample_1,WT,0,,5.004961111801527e-16,-5.004961111801527e-16,90.9999999999999,1.000000000000001,-0.03647234460422202,False,False,False,,,,QVQLQESGGGLVQAGGSLRLSCAASGRTFSSYAMGWFRQAPGKEREFVATISGSGGSTYYGDSVKGRFTISRDNAKNTVYLQMNSLKPDDTAVYYCAAAGLGTVVTGWGYFYDYWGQGTQVTVSSGS,VHH72_benchmark_both_200/mutation_recovery.csv,,7,1,0.6306546330451965,0.7926580309867859,57.916593480742534,false
design_csv,design_edit_5_sample_3,WT,0,S56M@57:N,5.004961111801527e-16,-5.004961111801527e-16,90.9999999999999,1.000000000000001,-0.03647234460422202,False,False,False,,,,QVQLQESGGGLVQAGGSLRLSCAASGRTFSEYAMGWFRQAPGKEREFVATISWSGGNTYMTDSVRGRFTISRDNAKNTVYLQMNSLKPDDTAVYYCAAAGLGTVVEIWDYDYDYWGQGTQVTVSSGS,VHH72_benchmark_both_200/mutation_recovery.csv,,5,3,0.6218302249908447,0.7876828908920288,29.79976505571062,false
design_csv,design_edit_6_sample_3,WT,0,L97W@101:G,5.004961111801527e-16,-5.004961111801527e-16,90.9999999999999,1.000000000000001,-0.03647234460422202,False,False,False,,,,QVQLQESGGGLVQAGGSLRLSCAASGRTFSSYAMGWFRQAPGKEREFVATISGSGGSTYYTDSVKGRFTISRDNAKNTVYLQMNSLKPDDTAVYYCAAAGGGTVSSGWDYYYDYWGQGTQVTVSSGS,VHH72_benchmark_both_200/mutation_recovery.csv,,6,3,0.6175317764282227,0.7698818445205688,51.949353997490924,false
design_csv,design_edit_6_sample_2,WT,0,L97W@101:R,5.004961111801527e-16,-5.004961111801527e-16,90.9999999999999,1.000000000000001,-0.03647234460422202,False,False,False,,,,QVQLQESGGGLVQAGGSLRLSCAASGRTFSSYAMGWFRQAPGKEREFVATISGSGGSTYYTDSVKGRFTISRDNAKNTVYLQMNSLKPDDTAVYYCAAAGRGTVVSTWGYYYDYWGQGTQVTVSSGS,VHH72_benchmark_both_200/mutation_recovery.csv,,6,2,0.6158922910690308,0.7822762727737427,19.19095736693462,false
design_csv,design_edit_7_sample_3,L97W,1,,0.7037688872177883,-0.7037688872177883,17.999999999999968,5.055555555555564,0.7402412318220083,False,True,False,,,,QVQLQESGGGLVQAGGSLRLSCAASGRTFSSYAMGWFRQAPGKEREFVATISGSGGSTYYGDSVKGRFTISRDNAKNTVYLQMNSLKPDDTAVYYCAAAGWGTVVTEWGYYYDYWGQGTQVTVSSGS,VHH72_benchmark_both_200/mutation_recovery.csv,,7,3,0.6116968393325806,0.7748565673828125,41.53472101325111,false
design_csv,design_edit_5_sample_3,WT,0,L97W@101:T,5.004961111801527e-16,-5.004961111801527e-16,90.9999999999999,1.000000000000001,-0.03647234460422202,False,False,False,,,,QVQLQESGGGLVQAGGSLRLSCAASGRTFSEYAMGWFRQAPGKEREFVATISWSGASTYYTDSVKGRFTISRDNAKNTVYLQMNSLKPDDTAVYYCAAAGTGTVVSRWVPDYDYWGQGTQVTVSSGS,VHH72_benchmark_both_200/mutation_recovery.csv,,5,3,0.6109671592712402,0.7672954797744751,16.4677627135779,false
design_csv,design_edit_7_sample_4,WT,0,L97W@101:G,5.004961111801527e-16,-5.004961111801527e-16,90.9999999999999,1.000000000000001,-0.03647234460422202,False,False,False,,,,QVQLQESGGGLVQAGGSLRLSCAASGRTFSSYAMGWFRQAPGKEREFVATISGSGGSTYYTDSVKGRFTISRDNAKNTVYLQMNSLKPDDTAVYYCAAAGGGTVVSGWGSGYDYWGQGTQVTVSSGS,VHH72_benchmark_both_200/mutation_recovery.csv,,7,4,0.6096569895744324,0.7717626094818115,52.599869959686046,false
design_csv,design_edit_7_sample_3,WT,0,L97W@101:R,5.004961111801527e-16,-5.004961111801527e-16,90.9999999999999,1.000000000000001,-0.03647234460422202,False,False,False,,,,QVQLQESGGGLVQAGGSLRLSCAASGRTFSSYAMGWFRQAPGKEREFVATISGSGGSTYYGDSVKGRFTISRDNAKNTVYLQMNSLKPDDTAVYYCAAAGRGTVVSTWGYYYDYWGQGTQVTVSSGS,VHH72_benchmark_both_200/mutation_recovery.csv,,7,3,0.60833740234375,0.7721757888793945,32.30833625583189,false
design_csv,design_edit_6_sample_0,L97W,1,,0.7037688872177883,-0.7037688872177883,17.999999999999968,5.055555555555564,0.7402412318220083,False,True,False,,,,QVQLQESGGGLVQAGGSLRLSCAASGRTFSSYAMGWFRQAPGKEREFVATISGSGGSTYYTDSVKGRFTISRDNAKNTVYLQMNSLKPDDTAVYYCAAAGWGTTVSTWDYYYDYWGQGTQVTVSSGS,VHH72_benchmark_both_200/mutation_recovery.csv,,6,0,0.6061831712722778,0.7313197255134583,64.9998736410015,false
design_csv,design_edit_6_sample_3,WT,0,,5.004961111801527e-16,-5.004961111801527e-16,90.9999999999999,1.000000000000001,-0.03647234460422202,False,False,False,,,,QVQLQESGGGLVQAGGSLRLSCAASGRTFSSYAMGWFRQAPGKEREFVATISGSGGSTYYTDSVKGRFTISRDNAKNTVYLQMNSLKPDDTAVYYCAAAGLGTVSSGWYYYYDYWGQGTQVTVSSGS,VHH72_benchmark_both_200/mutation_recovery.csv,,6,3,0.6046687960624695,0.7665243148803711,20.628837553520178,false
design_csv,design_edit_7_sample_1,WT,0,,5.004961111801527e-16,-5.004961111801527e-16,90.9999999999999,1.000000000000001,-0.03647234460422202,False,False,False,,,,QVQLQESGGGLVQAGGSLRLSCAASGRTFSSYAMGWFRQAPGKEREFVATISWSGGSTYYGDSVKGRFTISRDNAKNTVYLQMNSLKPDDTAVYYCAAAGLGTGSSSWSYYYDYWGQGTQVTVSSGS,VHH72_benchmark_both_200/mutation_recovery.csv,,7,1,0.5997305512428284,0.7346664667129517,54.841483024393234,false
design_csv,design_edit_6_sample_0,WT,0,L97W@101:G,5.004961111801527e-16,-5.004961111801527e-16,90.9999999999999,1.000000000000001,-0.03647234460422202,False,False,False,,,,QVQLQESGGGLVQAGGSLRLSCAASGRTFSSYAMGWFRQAPGKEREFVATISWSGGSTYYTDSVKGRFTISRDNAKNTVYLQMNSLKPDDTAVYYCAAAGGGTVSSGWSYYYDYWGQGTQVTVSSGS,VHH72_benchmark_both_200/mutation_recovery.csv,,6,0,0.5961254239082336,0.7411725521087646,30.571872336085896,false
design_csv,design_edit_6_sample_4,WT,0,,5.004961111801527e-16,-5.004961111801527e-16,90.9999999999999,1.000000000000001,-0.03647234460422202,False,False,False,,,,QVQLQESGGGLVQAGGSLRLSCAASGRTFSSYAMGWFRQAPGKEREFVATISGSGGSTYYGDSVKGRFTISRDNAKNTVYLQMNSLKPDDTAVYYCAAAGLGTVSSSWDYYYDYWGQGTQVTVSSGS,VHH72_benchmark_both_200/mutation_recovery.csv,,6,4,0.5955479145050049,0.755176305770874,40.47605665915365,false
design_csv,design_edit_5_sample_2,WT,0,,5.004961111801527e-16,-5.004961111801527e-16,90.9999999999999,1.000000000000001,-0.03647234460422202,False,False,False,,,,QVQLQESGGGLVQAGGSLRLSCAASGRTFSSYAMGWFRQAPGKEREFVATISWSGGSTYYADSVKGRFTISRDNAKNTVYLQMNSLKPDDTAVYYCAAAGLSTVVSSWTYDYDYWGQGTQVTVSSGS,VHH72_benchmark_both_200/mutation_recovery.csv,,5,2,0.5909169912338257,0.7320553064346313,46.47459168417639,false
design_csv,design_edit_6_sample_1,WT,0,,5.004961111801527e-16,-5.004961111801527e-16,90.9999999999999,1.000000000000001,-0.03647234460422202,False,False,False,,,,QVQLQESGGGLVQAGGSLRLSCAASGRTFSSYAMGWFRQAPGKEREFVATISGSGGSTYYTDSVKGRFTISRDNAKNTVYLQMNSLKPDDTAVYYCAAAGLGTVVTGWGYFYDYWGQGTQVTVSSGS,VHH72_benchmark_both_200/mutation_recovery.csv,,6,1,0.5857226848602295,0.7636011838912964,59.98978403127592,false
design_csv,design_edit_7_sample_3,WT,0,L97W@101:G;T99V@103:W,5.004961111801527e-16,-5.004961111801527e-16,90.9999999999999,1.000000000000001,-0.03647234460422202,False,False,False,,,,QVQLQESGGGLVQAGGSLRLSCAASGRTFSSYAMGWFRQAPGKEREFVATISGSGGSTYYTDSVKGRFTISRDNAKNTVYLQMNSLKPDDTAVYYCAAAGGGWVRSYSDYDYDYWGQGTQVTVSSGS,VHH72_benchmark_both_200/mutation_recovery.csv,,7,3,0.5853164196014404,0.760940432548523,37.791024453543514,false
design_csv,design_edit_6_sample_1,WT,0,L97W@101:R,5.004961111801527e-16,-5.004961111801527e-16,90.9999999999999,1.000000000000001,-0.03647234460422202,False,False,False,,,,QVQLQESGGGLVQAGGSLRLSCAASGRTFSSYAMGWFRQAPGKEREFVATISGSGGSTYYTDSVKGRFTISRDNAKNTVYLQMNSLKPDDTAVYYCAAAGRGTVSSSWDYYYDYWGQGTQVTVSSGS,VHH72_benchmark_both_200/mutation_recovery.csv,,6,1,0.5839550495147705,0.7172799110412598,58.08946765674011,false
design_csv,design_edit_6_sample_3,WT,0,T99V@103:Y,5.004961111801527e-16,-5.004961111801527e-16,90.9999999999999,1.000000000000001,-0.03647234460422202,False,False,False,,,,QVQLQESGGGLVQAGGSLRLSCAASGRTFSSYAMGWFRQAPGKEREFVATISGSGGSTYYTDSVKGRFTISRDNAKNTVYLQMNSLKPDDTAVYYCAAAGLGYSVSSWDYYYDYWGQGTQVTVSSGS,VHH72_benchmark_both_200/mutation_recovery.csv,,6,3,0.5829192996025085,0.7513240575790405,48.15687741720432,false
design_csv,design_edit_5_sample_1,WT,0,,5.004961111801527e-16,-5.004961111801527e-16,90.9999999999999,1.000000000000001,-0.03647234460422202,False,False,False,,,,QVQLQESGGGLVQAGGSLRLSCAASGRTFSDYAMGWFRQAPGKEREFVATISWTGGSFYYTDSVKGRFTISRDNAKNTVYLQMNSLKPDDTAVYYCAAAGLTTVVSYWDYDYDYWGQGTQVTVSSGS,VHH72_benchmark_both_200/mutation_recovery.csv,,5,1,0.5804014205932617,0.7382960319519043,16.09875951897205,false
design_csv,design_edit_6_sample_3,WT,0,L97W@101:G;T99V@103:G,5.004961111801527e-16,-5.004961111801527e-16,90.9999999999999,1.000000000000001,-0.03647234460422202,False,False,False,,,,QVQLQESGGGLVQAGGSLRLSCAASGRTFSSYAMGWFRQAPGKEREFVATISGSGGSTYYTDSVKGRFTISRDNAKNTVYLQMNSLKPDDTAVYYCAAAGGGGVVSGWDYYYDYWGQGTQVTVSSGS,VHH72_benchmark_both_200/mutation_recovery.csv,,6,3,0.5799198150634766,0.7477302551269531,55.20331543751974,false
design_csv,design_edit_6_sample_2,WT,0,L97W@101:G,5.004961111801527e-16,-5.004961111801527e-16,90.9999999999999,1.000000000000001,-0.03647234460422202,False,False,False,,,,QVQLQESGGGLVQAGGSLRLSCAASGRTFSSYAMGWFRQAPGKEREFVATISPSGGSTYYTDSVKGRFTISRDNAKNTVYLQMNSLKPDDTAVYYCAAAGGGTVVSLWGGDYDYWGQGTQVTVSSGS,VHH72_benchmark_both_200/mutation_recovery.csv,,6,2,0.5712877511978149,0.7199882864952087,39.83434764775914,false
design_csv,design_edit_7_sample_1,L97W,1,T99V@103:S,0.7037688872177883,-0.7037688872177883,17.999999999999968,5.055555555555564,0.7402412318220083,False,True,False,,,,QVQLQESGGGLVQAGGSLRLSCAASGRTFSSYAMGWFRQAPGKEREFVATISGSGGSTYYTDSVKGRFTISRDNAKNTVYLQMNSLKPDDTAVYYCAAAGWGSSSSEWDYYYDYWGQGTQVTVSSGS,VHH72_benchmark_both_200/mutation_recovery.csv,,7,1,0.5671818256378174,0.7081875801086426,31.11511786870123,false
design_csv,design_edit_7_sample_0,WT,0,L97W@101:G;T99V@103:G,5.004961111801527e-16,-5.004961111801527e-16,90.9999999999999,1.000000000000001,-0.03647234460422202,False,False,False,,,,QVQLQESGGGLVQAGGSLRLSCAASGRTFSEYAMGWFRQAPGKEREFVATISGSGGSTYYTDSVKGRFTISRDNAKNTVYLQMNSLKPDDTAVYYCAAAGGGGVSSGWYYYYDYWGQGTQVTVSSGS,VHH72_benchmark_both_200/mutation_recovery.csv,,7,0,0.5662132501602173,0.7218780517578125,39.519175902167525,false
design_csv,design_edit_6_sample_0,WT,0,,5.004961111801527e-16,-5.004961111801527e-16,90.9999999999999,1.000000000000001,-0.03647234460422202,False,False,False,,,,QVQLQESGGGLVQAGGSLRLSCAASGRTFSSYAMGWFRQAPGKEREFVATISGSGGSTYYTDSVKGRFTISRDNAKNTVYLQMNSLKPDDTAVYYCAAAGLGTYSSSWDYYYDYWGQGTQVTVSSGS,VHH72_benchmark_both_200/mutation_recovery.csv,,6,0,0.5628540515899658,0.7221601009368896,47.55839640291841,false
design_csv,design_edit_6_sample_4,WT,0,T99V@103:S,5.004961111801527e-16,-5.004961111801527e-16,90.9999999999999,1.000000000000001,-0.03647234460422202,False,False,False,,,,QVQLQESGGGLVQAGGSLRLSCAASGRTFSSYAMGWFRQAPGKEREFVATISGSGGSTYYTDSVKGRFTISRDNAKNTVYLQMNSLKPDDTAVYYCAAAGLGSSSSEWDYYYDYWGQGTQVTVSSGS,VHH72_benchmark_both_200/mutation_recovery.csv,,6,4,0.5604772567749023,0.709896445274353,55.6169053082658,false
design_csv,design_edit_7_sample_0,WT,0,L97W@101:G,5.004961111801527e-16,-5.004961111801527e-16,90.9999999999999,1.000000000000001,-0.03647234460422202,False,False,False,,,,QVQLQESGGGLVQAGGSLRLSCAASGRTFSSYAMGWFRQAPGKEREFVATISGSGGSTYYTDSVKGRFTISRDNAKNTVYLQMNSLKPDDTAVYYCAAAGGGTVSSGWYYYYDYWGQGTQVTVSSGS,VHH72_benchmark_both_200/mutation_recovery.csv,,7,0,0.5582070350646973,0.7228589057922363,41.42009375518036,false
design_csv,design_edit_7_sample_0,WT,0,T99V@103:G,5.004961111801527e-16,-5.004961111801527e-16,90.9999999999999,1.000000000000001,-0.03647234460422202,False,False,False,,,,QVQLQESGGGLVQAGGSLRLSCAASGRTFSSYAMGWFRQAPGKEREFVATISGSGGSTYYTDSVKGRFTISRDNAKNTVYLQMNSLKPDDTAVYYCAAAGLGGVGSGWDGAYDYWGQGTQVTVSSGS,VHH72_benchmark_both_200/mutation_recovery.csv,,7,0,0.5452784895896912,0.7278380990028381,63.36105552743504,false
design_csv,design_edit_6_sample_1,WT,0,L97W@101:R,5.004961111801527e-16,-5.004961111801527e-16,90.9999999999999,1.000000000000001,-0.03647234460422202,False,False,False,,,,QVQLQESGGGLVQAGGSLRLSCAASGRTFSSYAMGWFRQAPGKEREFVATISGSGGSTYYTDSVKGRFTISRDNAKNTVYLQMNSLKPDDTAVYYCAAAGRGTVSSSWSYDYDYWGQGTQVTVSSGS,VHH72_benchmark_both_200/mutation_recovery.csv,,6,1,0.5425242781639099,0.6894983053207397,36.19962751239153,false
design_csv,design_edit_7_sample_2,WT,0,L97W@101:G;T99V@103:S,5.004961111801527e-16,-5.004961111801527e-16,90.9999999999999,1.000000000000001,-0.03647234460422202,False,False,False,,,,QVQLQESGGGLVQAGGSLRLSCAASGRTFSSYAMGWFRQAPGKEREFVATISWSGGSTYYTDSVKGRFTISRDNAKNTVYLQMNSLKPDDTAVYYCAAAGGGSGSSGWDYYYDYWGQGTQVTVSSGS,VHH72_benchmark_both_200/mutation_recovery.csv,,7,2,0.5395295023918152,0.748282790184021,64.40128740365782,false
design_csv,design_edit_7_sample_3,WT,0,L97W@101:G,5.004961111801527e-16,-5.004961111801527e-16,90.9999999999999,1.000000000000001,-0.03647234460422202,False,False,False,,,,QVQLQESGGGLVQAGGSLRLSCAASGRTFSSYAMGWFRQAPGKEREFVATISWSGGSTYYGDSVKGRFTISRDNAKNTVYLQMNSLKPDDTAVYYCAAAGGGTVSSGWSYYYDYWGQGTQVTVSSGS,VHH72_benchmark_both_200/mutation_recovery.csv,,7,3,0.538651704788208,0.6973210573196411,42.60928296436288,false
design_csv,design_edit_6_sample_1,L97W,1,,0.7037688872177883,-0.7037688872177883,17.999999999999968,5.055555555555564,0.7402412318220083,False,True,False,,,,QVQLQESGGGLVQAGGSLRLSCAASGRTFSSYAMGWFRQAPGKEREFVATISGSGGSTYYTDSVKGRFTISRDNAKNTVYLQMNSLKPDDTAVYYCAAAGWGTVVTEWGYYYDYWGQGTQVTVSSGS,VHH72_benchmark_both_200/mutation_recovery.csv,,6,1,0.5380641222000122,0.7042466402053833,31.89471155655346,false
design_csv,design_edit_6_sample_2,T99V,1,,1.1017088958898253,-1.1017088958898253,7.199999999999997,12.638888888888895,1.1381812404940463,False,False,True,,,,QVQLQESGGGLVQAGGSLRLSCAASGRTFSSYAMGWFRQAPGKEREFVATISGSGGSTYYTDSVKGRFTISRDNAKNTVYLQMNSLKPDDTAVYYCAAAGLGVVVVEADTDYDYWGQGTQVTVSSGS,VHH72_benchmark_both_200/mutation_recovery.csv,,6,2,0.5374789834022522,0.6936661005020142,24.270414661217472,false
design_csv,design_edit_6_sample_1,WT,0,,5.004961111801527e-16,-5.004961111801527e-16,90.9999999999999,1.000000000000001,-0.03647234460422202,False,False,False,,,,QVQLQESGGGLVQAGGSLRLSCAASGRTFSSYAMGWFRQAPGKEREFVATISGSGGSTYYTDSVKGRFTISRDNAKNTVYLQMNSLKPDDTAVYYCAAAGLGTVVSFWSGYYDYWGQGTQVTVSSGS,VHH72_benchmark_both_200/mutation_recovery.csv,,6,1,0.530863344669342,0.7392997741699219,48.59378910950761,false
design_csv,design_edit_5_sample_2,WT,0,L97W@101:S,5.004961111801527e-16,-5.004961111801527e-16,90.9999999999999,1.000000000000001,-0.03647234460422202,False,False,False,,,,QVQLQESGGGLVQAGGSLRLSCAASGRTFSSYAMGWFRQAPGKEREFVATISGSGGSTYYTDSVKGRFTISRDNAKNTVYLQMNSLKPDDTAVYYCAAAGSGTVVSSWDYYYDYWGQGTQVTVSSGS,VHH72_benchmark_both_200/mutation_recovery.csv,,5,2,0.523913562297821,0.694719135761261,62.803795256068085,false
design_csv,design_edit_7_sample_2,WT,0,,5.004961111801527e-16,-5.004961111801527e-16,90.9999999999999,1.000000000000001,-0.03647234460422202,False,False,False,,,,QVQLQESGGGLVQAGGSLRLSCAASGRTFSSYAMGWFRQAPGKEREFVATISGSGGSTYYADSVKGRFTISRDNAKNTVYLQMNSLKPDDTAVYYCAAAGLGTYSSSWDGDYDYWGQGTQVTVSSGS,VHH72_benchmark_both_200/mutation_recovery.csv,,7,2,0.5224695205688477,0.6857157945632935,58.463950616334316,false
design_csv,design_edit_5_sample_1,WT,0,,5.004961111801527e-16,-5.004961111801527e-16,90.9999999999999,1.000000000000001,-0.03647234460422202,False,False,False,,,,QVQLQESGGGLVQAGGSLRLSCAASGRTFSEYAMGWFRQAPGKEREFVATISNSGGSMYYTDSVKGRFTISRDNAKNTVYLQMNSLKPDDTAVYYCAAAGLGTVVSALDYAYDYWGQGTQVTVSSGS,VHH72_benchmark_both_200/mutation_recovery.csv,,5,1,0.5221607089042664,0.6888602375984192,41.00209761071294,false
design_csv,design_edit_7_sample_3,WT,0,L97W@101:G;T99V@103:G,5.004961111801527e-16,-5.004961111801527e-16,90.9999999999999,1.000000000000001,-0.03647234460422202,False,False,False,,,,QVQLQESGGGLVQAGGSLRLSCAASGRTFSSYAMGWFRQAPGKEREFVATISGSGGSTYYTDSVKGRFTISRDNAKNTVYLQMNSLKPDDTAVYYCAAAGGGGVVSSGWYDYDYWGQGTQVTVSSGS,VHH72_benchmark_both_200/mutation_recovery.csv,,7,3,0.5219228267669678,0.6984652280807495,46.89613200282299,false
design_csv,design_edit_6_sample_2,WT,0,L97W@101:G,5.004961111801527e-16,-5.004961111801527e-16,90.9999999999999,1.000000000000001,-0.03647234460422202,False,False,False,,,,QVQLQESGGGLVQAGGSLRLSCAASGRTFSSYAMGWFRQAPGKEREFVATISGSGGSTYYTDSVKGRFTISRDNAKNTVYLQMNSLKPDDTAVYYCAAAGGGTVVSLWRGDYDYWGQGTQVTVSSGS,VHH72_benchmark_both_200/mutation_recovery.csv,,6,2,0.5164967775344849,0.6762198209762573,29.702633825125005,false
design_csv,design_edit_7_sample_0,WT,0,L97W@101:R,5.004961111801527e-16,-5.004961111801527e-16,90.9999999999999,1.000000000000001,-0.03647234460422202,False,False,False,,,,QVQLQESGGGLVQAGGSLRLSCAASGRTFSSYAMGWFRQAPGKEREFVATISGSGGSTYYTDSVKGRFTISRDNAKNTVYLQMNSLKPDDTAVYYCAAAGRGTVSSSWSYYYDYWGQGTQVTVSSGS,VHH72_benchmark_both_200/mutation_recovery.csv,,7,0,0.5107924938201904,0.6854794025421143,44.22641692443676,false
design_csv,design_edit_6_sample_1,WT,0,T99V@103:G,5.004961111801527e-16,-5.004961111801527e-16,90.9999999999999,1.000000000000001,-0.03647234460422202,False,False,False,,,,QVQLQESGGGLVQAGGSLRLSCAASGRTFSSYAMGWFRQAPGKEREFVATISGSGGSTYYTDSVKGRFTISRDNAKNTVYLQMNSLKPDDTAVYYCAAAGLGGVSSGWDGDYDYWGQGTQVTVSSGS,VHH72_benchmark_both_200/mutation_recovery.csv,,6,1,0.5095151662826538,0.6772146224975586,49.52492760879822,false
design_csv,design_edit_6_sample_4,WT,0,,5.004961111801527e-16,-5.004961111801527e-16,90.9999999999999,1.000000000000001,-0.03647234460422202,False,False,False,,,,QVQLQESGGGLVQAGGSLRLSCAASGRTFSSYAMGWFRQAPGKEREFVATISGSGGSTYYTDSVKGRFTISRDNAKNTVYLQMNSLKPDDTAVYYCAAAGLGTVYSSSWYDYDYWGQGTQVTVSSGS,VHH72_benchmark_both_200/mutation_recovery.csv,,6,4,0.5059527158737183,0.6650125980377197,45.45494144121392,false
design_csv,design_edit_7_sample_2,WT,0,L97W@101:G,5.004961111801527e-16,-5.004961111801527e-16,90.9999999999999,1.000000000000001,-0.03647234460422202,False,False,False,,,,QVQLQESGGGLVQAGGSLRLSCAASGRTFSSYAMGWFRQAPGKEREFVATISGSGGSTYYGDSVKGRFTISRDNAKNTVYLQMNSLKPDDTAVYYCAAAGGGTVSSSWDYYYDYWGQGTQVTVSSGS,VHH72_benchmark_both_200/mutation_recovery.csv,,7,2,0.50086510181427,0.6748557090759277,53.294269535058234,false
design_csv,design_edit_7_sample_1,WT,0,L97W@101:G,5.004961111801527e-16,-5.004961111801527e-16,90.9999999999999,1.000000000000001,-0.03647234460422202,False,False,False,,,,QVQLQESGGGLVQAGGSLRLSCAASGRTFSSYAMGWFRQAPGKEREFVATISGSGGSTYYTDSVKGRFTISRDNAKNTVYLQMNSLKPDDTAVYYCAAAGGGTVTSRWGYYYDYWGQGTQVTVSSGS,VHH72_benchmark_both_200/mutation_recovery.csv,,7,1,0.4994793236255646,0.6682608127593994,9.821780644923793,false
design_csv,design_edit_5_sample_1,WT,0,,5.004961111801527e-16,-5.004961111801527e-16,90.9999999999999,1.000000000000001,-0.03647234460422202,False,False,False,,,,QVQLQESGGGLVQAGGSLRLSCAASGRTFSEYAMGWFRQAPGKEREFVATISGSGGSTYYTDSVKGRFTISRDNAKNTVYLQMNSLKPDDTAVYYCAAAGLGTYSSEWNYPYDYWGQGTQVTVSSGS,VHH72_benchmark_both_200/mutation_recovery.csv,,5,1,0.4957710802555084,0.666837215423584,50.88673059083029,false
design_csv,design_edit_6_sample_0,WT,0,L97W@101:G,5.004961111801527e-16,-5.004961111801527e-16,90.9999999999999,1.000000000000001,-0.03647234460422202,False,False,False,,,,QVQLQESGGGLVQAGGSLRLSCAASGRTFSSYAMGWFRQAPGKEREFVATISWSGGSTYYTDSVKGRFTISRDNAKNTVYLQMNSLKPDDTAVYYCAAAGGGTYSSSWDYYYDYWGQGTQVTVSSGS,VHH72_benchmark_both_200/mutation_recovery.csv,,6,0,0.4940189719200134,0.6454878449440002,54.89255702372256,false
design_csv,design_edit_6_sample_2,WT,0,L97W@101:G,5.004961111801527e-16,-5.004961111801527e-16,90.9999999999999,1.000000000000001,-0.03647234460422202,False,False,False,,,,QVQLQESGGGLVQAGGSLRLSCAASGRTFSSYAMGWFRQAPGKEREFVATISGSGGSTYYTDSVKGRFTISRDNAKNTVYLQMNSLKPDDTAVYYCAAAGGGTVSSGWDYFYDYWGQGTQVTVSSGS,VHH72_benchmark_both_200/mutation_recovery.csv,,6,2,0.4928272068500519,0.6933829188346863,56.357702870723976,false
design_csv,design_edit_6_sample_1,WT,0,,5.004961111801527e-16,-5.004961111801527e-16,90.9999999999999,1.000000000000001,-0.03647234460422202,False,False,False,,,,QVQLQESGGGLVQAGGSLRLSCAASGRTFSSYAMGWFRQAPGKEREFVATISGSGGSTYYTDSVKGRFTISRDNAKNTVYLQMNSLKPDDTAVYYCAAAGLGTVGSGWYGDYDYWGQGTQVTVSSGS,VHH72_benchmark_both_200/mutation_recovery.csv,,6,1,0.49160075187683105,0.6731213331222534,42.81747806607932,false
design_csv,design_edit_6_sample_3,WT,0,,5.004961111801527e-16,-5.004961111801527e-16,90.9999999999999,1.000000000000001,-0.03647234460422202,False,False,False,,,,QVQLQESGGGLVQAGGSLRLSCAASGRTFSSYAMGWFRQAPGKEREFVATISGSGGSTYYTDSVKGRFTISRDNAKNTVYLQMNSLKPDDTAVYYCAAAGLGTVVSGWGSGYDYWGQGTQVTVSSGS,VHH72_benchmark_both_200/mutation_recovery.csv,,6,3,0.4899534583091736,0.6556315422058105,49.453075762474306,false
design_csv,design_edit_5_sample_2,WT,0,,5.004961111801527e-16,-5.004961111801527e-16,90.9999999999999,1.000000000000001,-0.03647234460422202,False,False,False,,,,QVQLQESGGGLVQAGGSLRLSCAASGRTFSCYAMGWFRQAPGKEREFVATISGSGGSTYYTDSVKGRFTISRDNAKNTVYLQMNSLKPDDTAVYYCAAAGLGTSSSEWDLDYDYWGQGTQVTVSSGS,VHH72_benchmark_both_200/mutation_recovery.csv,,5,2,0.48916706442832947,0.6718345880508423,36.03253097646741,false
design_csv,design_edit_7_sample_2,L97W,1,,0.7037688872177883,-0.7037688872177883,17.999999999999968,5.055555555555564,0.7402412318220083,False,True,False,,,,QVQLQESGGGLVQAGGSLRLSCAASGRTFSSYAMGWFRQAPGKEREFVATISGSGGSTYYGDSVKGRFTISRDNAKNTVYLQMNSLKPDDTAVYYCAAAGWGTTVSTWDYYYDYWGQGTQVTVSSGS,VHH72_benchmark_both_200/mutation_recovery.csv,,7,2,0.4865947365760803,0.6612691879272461,57.3547660661708,false
design_csv,design_edit_4_sample_1,WT,0,L97W@101:S,5.004961111801527e-16,-5.004961111801527e-16,90.9999999999999,1.000000000000001,-0.03647234460422202,False,False,False,,,,QVQLQESGGGLVQAGGSLRLSCAASGRTFSSYAMGWFRQAPGKEREFVATISGSGGSTYYTDSVKGRFTISRDNAKNTVYLQMNSLKPDDTAVYYCAAAGSGTVVSEWDYYYDYWGQGTQVTVSSGS,VHH72_benchmark_both_200/mutation_recovery.csv,,4,1,0.4863044023513794,0.6763262152671814,53.52044876844169,false
design_csv,design_edit_6_sample_1,WT,0,,5.004961111801527e-16,-5.004961111801527e-16,90.9999999999999,1.000000000000001,-0.03647234460422202,False,False,False,,,,QVQLQESGGGLVQAGGSLRLSCAASGRTFSEYAMGWFRQAPGKEREFVATISGSGGSTYYTDSVKGRFTISRDNAKNTVYLQMNSLKPDDTAVYYCAAAGLGTFSSGWYGDYDYWGQGTQVTVSSGS,VHH72_benchmark_both_200/mutation_recovery.csv,,6,1,0.4861893653869629,0.6640865802764893,18.55684022594463,false
design_csv,design_edit_7_sample_0,WT,0,L97W@101:G,5.004961111801527e-16,-5.004961111801527e-16,90.9999999999999,1.000000000000001,-0.03647234460422202,False,False,False,,,,QVQLQESGGGLVQAGGSLRLSCAASGRTFSSYAMGWFRQAPGKEREFVATISGSGGSTYYTDSVKGRFTISRDNAKNTVYLQMNSLKPDDTAVYYCAAAGGGTVAGTWDYYYDYWGQGTQVTVSSGS,VHH72_benchmark_both_200/mutation_recovery.csv,,7,0,0.48461484909057617,0.6525598764419556,60.663522716512496,false
design_csv,design_edit_7_sample_4,WT,0,,5.004961111801527e-16,-5.004961111801527e-16,90.9999999999999,1.000000000000001,-0.03647234460422202,False,False,False,,,,QVQLQESGGGLVQAGGSLRLSCAASGRTFSSYAMGWFRQAPGKEREFVATISGSGGSTYYGDSVKGRFTISRDNAKNTVYLQMNSLKPDDTAVYYCAAAGLGTYSSGWDYYYDYWGQGTQVTVSSGS,VHH72_benchmark_both_200/mutation_recovery.csv,,7,4,0.48434096574783325,0.6767853498458862,56.30964276821157,false
design_csv,design_edit_7_sample_1,WT,0,L97W@101:C;T99V@103:G,5.004961111801527e-16,-5.004961111801527e-16,90.9999999999999,1.000000000000001,-0.03647234460422202,False,False,False,,,,QVQLQESGGGLVQAGGSLRLSCAASGRTFSSYAMGWFRQAPGKEREFVATISGSGGSTYYTDSVKGRFTISRDNAKNTVYLQMNSLKPDDTAVYYCAAAGCGGGGSCWDYDYDYWGQGTQVTVSSGS,VHH72_benchmark_both_200/mutation_recovery.csv,,7,1,0.4799320697784424,0.6497679948806763,34.89568272594167,false
design_csv,design_edit_6_sample_1,WT,0,T99V@103:G,5.004961111801527e-16,-5.004961111801527e-16,90.9999999999999,1.000000000000001,-0.03647234460422202,False,False,False,,,,QVQLQESGGGLVQAGGSLRLSCAASGRTFSGYAMGWFRQAPGKEREFVATISGSGGSTYYTDSVKGRFTISRDNAKNTVYLQMNSLKPDDTAVYYCAAAGLYGSGSEWDYDYDYWGQGTQVTVSSGS,VHH72_benchmark_both_200/mutation_recovery.csv,,6,1,0.4748605489730835,0.6498609781265259,18.7729968405093,false
design_csv,design_edit_7_sample_2,WT,0,L97W@101:G,5.004961111801527e-16,-5.004961111801527e-16,90.9999999999999,1.000000000000001,-0.03647234460422202,False,False,False,,,,QVQLQESGGGLVQAGGSLRLSCAASGRTFSSYAMGWFRQAPGKEREFVATISGSGGSTYYGDSVKGRFTISRDNAKNTVYLQMNSLKPDDTAVYYCAAAGGGTVVSLWRGDYDYWGQGTQVTVSSGS,VHH72_benchmark_both_200/mutation_recovery.csv,,7,2,0.4745602011680603,0.639270544052124,54.915843260623966,false
design_csv,design_edit_7_sample_2,WT,0,T99V@103:C,5.004961111801527e-16,-5.004961111801527e-16,90.9999999999999,1.000000000000001,-0.03647234460422202,False,False,False,,,,QVQLQESGGGLVQAGGSLRLSCAASGRTFSSYAMGWFRQAPGKEREFVATISGSGGSTYYTDSVKGRFTISRDNAKNTVYLQMNSLKPDDTAVYYCAAACLGCVVSGWDLLYDYWGQGTQVTVSSGS,VHH72_benchmark_both_200/mutation_recovery.csv,,7,2,0.4685360789299011,0.6332177519798279,12.758835540492878,false
design_csv,design_edit_7_sample_0,WT,0,,5.004961111801527e-16,-5.004961111801527e-16,90.9999999999999,1.000000000000001,-0.03647234460422202,False,False,False,,,,QVQLQESGGGLVQAGGSLRLSCAASGRTFSSYAMGWFRQAPGKEREFVATISGSGGSTYYTDSVKGRFTISRDNAKNTVYLQMNSLKPDDTAVYYCAAAGLCTSSSCWDYYYDYWGQGTQVTVSSGS,VHH72_benchmark_both_200/mutation_recovery.csv,,7,0,0.4678460955619812,0.6231013536453247,37.73961410440178,false
design_csv,design_edit_7_sample_0,T99V,1,L97W@101:R,1.1017088958898253,-1.1017088958898253,7.199999999999997,12.638888888888895,1.1381812404940463,False,False,True,,,,QVQLQESGGGLVQAGGSLRLSCAASGRTFSSYAMGWFRQAPGKEREFVATISGSGGSTYYTDSVKGRFTISRDNAKNTVYLQMNSLKPDDTAVYYCAAAGRGVVVSTWGYYYDYWGQGTQVTVSSGS,VHH72_benchmark_both_200/mutation_recovery.csv,,7,0,0.4642174243927002,0.6388355493545532,25.284250236012458,false
design_csv,design_edit_6_sample_3,WT,0,L97W@101:G,5.004961111801527e-16,-5.004961111801527e-16,90.9999999999999,1.000000000000001,-0.03647234460422202,False,False,False,,,,QVQLQESGGGLVQAGGSLRLSCAASGRTFSSYAMGWFRQAPGKEREFVATISGSGGSTYYTDSVKGRFTISRDNAKNTVYLQMNSLKPDDTAVYYCAAAGGGTVVSPWDGGYDYWGQGTQVTVSSGS,VHH72_benchmark_both_200/mutation_recovery.csv,,6,3,0.4614926278591156,0.652253270149231,49.03875236683702,false
design_csv,design_edit_5_sample_3,WT,0,,5.004961111801527e-16,-5.004961111801527e-16,90.9999999999999,1.000000000000001,-0.03647234460422202,False,False,False,,,,QVQLQESGGGLVQAGGSLRLSCAASGRTFSSYAMGWFRQAPGKEREFVATISWSGGSTYYVDSVKGRFTISRDNAKNTVYLQMNSLKPDDTAVYYCAAAGLGTVGSYWDYSYDYWGQGTQVTVSSGS,VHH72_benchmark_both_200/mutation_recovery.csv,,5,3,0.4608989655971527,0.6487937569618225,50.53205703082546,false
design_csv,design_edit_7_sample_4,WT,0,L97W@101:G;T99V@103:G,5.004961111801527e-16,-5.004961111801527e-16,90.9999999999999,1.000000000000001,-0.03647234460422202,False,False,False,,,,QVQLQESGGGLVQAGGSLRLSCAASGRTFSSYAMGWFRQAPGKEREFVATISWSGGSTYYTDSVKGRFTISRDNAKNTVYLQMNSLKPDDTAVYYCAAAGGGGVVSGWSSGYDYWGQGTQVTVSSGS,VHH72_benchmark_both_200/mutation_recovery.csv,,7,4,0.4604019224643707,0.646817684173584,51.20129067649373,false
design_csv,design_edit_7_sample_1,WT,0,,5.004961111801527e-16,-5.004961111801527e-16,90.9999999999999,1.000000000000001,-0.03647234460422202,False,False,False,,,,QVQLQESGGGLVQAGGSLRLSCAASGRTFSSYAMGWFRQAPGKEREFVATISGSGGSTYYGDSVKGRFTISRDNAKNTVYLQMNSLKPDDTAVYYCAAAGLGTVVSSSWYSYDYWGQGTQVTVSSGS,VHH72_benchmark_both_200/mutation_recovery.csv,,7,1,0.45272520184516907,0.6329067945480347,34.03248337396407,false
design_csv,design_edit_6_sample_0,WT,0,,5.004961111801527e-16,-5.004961111801527e-16,90.9999999999999,1.000000000000001,-0.03647234460422202,False,False,False,,,,QVQLQESGGGLVQAGGSLRLSCAASGRTFSSYAMGWFRQAPGKEREFVATISGSGGSTYYTDSVKGRFTISRDNAKNTVYLQMNSLKPDDTAVYYCAAAGLGTSGSSWDYYYDYWGQGTQVTVSSGS,VHH72_benchmark_both_200/mutation_recovery.csv,,6,0,0.4493003487586975,0.614895224571228,28.524279674253236,false
design_csv,design_edit_6_sample_1,WT,0,,5.004961111801527e-16,-5.004961111801527e-16,90.9999999999999,1.000000000000001,-0.03647234460422202,False,False,False,,,,QVQLQESGGGLVQAGGSLRLSCAASGRTFSSYAMGWFRQAPGKEREFVATISGSGGSTYYTDSVKGRFTISRDNAKNTVYLQMNSLKPDDTAVYYCAAAGLGTVGSGWDGAYDYWGQGTQVTVSSGS,VHH72_benchmark_both_200/mutation_recovery.csv,,6,1,0.4464290738105774,0.6286821365356445,27.95472960985523,false
design_csv,design_edit_6_sample_0,WT,0,L97W@101:G,5.004961111801527e-16,-5.004961111801527e-16,90.9999999999999,1.000000000000001,-0.03647234460422202,False,False,False,,,,QVQLQESGGGLVQAGGSLRLSCAASGRTFSSYAMGWFRQAPGKEREFVATISGSGGSTYYTDSVKGRFTISRDNAKNTVYLQMNSLKPDDTAVYYCAAAGGGTVSSSWDYYYDYWGQGTQVTVSSGS,VHH72_benchmark_both_200/mutation_recovery.csv,,6,0,0.4437604546546936,0.6379852890968323,38.003404739258684,false
design_csv,design_edit_7_sample_1,WT,0,L97W@101:G;T99V@103:G,5.004961111801527e-16,-5.004961111801527e-16,90.9999999999999,1.000000000000001,-0.03647234460422202,False,False,False,,,,QVQLQESGGGLVQAGGSLRLSCAASGRTFSSYAMGWFRQAPGKEREFVATISGSGGSTYYGDSVKGRFTISRDNAKNTVYLQMNSLKPDDTAVYYCAAAGGGGVVSGWDYYYDYWGQGTQVTVSSGS,VHH72_benchmark_both_200/mutation_recovery.csv,,7,1,0.44124582409858704,0.6206232309341431,35.061960663012044,false
design_csv,design_edit_5_sample_2,WT,0,,5.004961111801527e-16,-5.004961111801527e-16,90.9999999999999,1.000000000000001,-0.03647234460422202,False,False,False,,,,QVQLQESGGGLVQAGGSLRLSCAASGRTFSKYAMGWFRQAPGKEREFVATISESGGSTYYTDSVQGRFTISRDNAKNTVYLQMNSLKPDDTAVYYCAAAGLGTVVSESHYDYDYWGQGTQVTVSSGS,VHH72_benchmark_both_200/mutation_recovery.csv,,5,2,0.43367230892181396,0.6287828683853149,47.86248638351283,false
design_csv,design_edit_7_sample_1,WT,0,L97W@101:G;T99V@103:S,5.004961111801527e-16,-5.004961111801527e-16,90.9999999999999,1.000000000000001,-0.03647234460422202,False,False,False,,,,QVQLQESGGGLVQAGGSLRLSCAASGRTFSSYAMGWFRQAPGKEREFVATISWSGGSTYYTDSVKGRFTISRDNAKNTVYLQMNSLKPDDTAVYYCAAAGGGSVSSGWSYYYDYWGQGTQVTVSSGS,VHH72_benchmark_both_200/mutation_recovery.csv,,7,1,0.4331890642642975,0.6140809059143066,24.406460744679904,false
design_csv,design_edit_6_sample_0,WT,0,L97W@101:G,5.004961111801527e-16,-5.004961111801527e-16,90.9999999999999,1.000000000000001,-0.03647234460422202,False,False,False,,,,QVQLQESGGGLVQAGGSLRLSCAASGRTFSSYAMGWFRQAPGKEREFVATISWSGGSTYYGDSVKGRFTISRDNAKNTVYLQMNSLKPDDTAVYYCAAAGGGTVVSECCYSYDYWGQGTQVTVSSGS,VHH72_benchmark_both_200/mutation_recovery.csv,,6,0,0.433084636926651,0.6008296012878418,38.73433380346185,false
design_csv,design_edit_6_sample_2,WT,0,L97W@101:S,5.004961111801527e-16,-5.004961111801527e-16,90.9999999999999,1.000000000000001,-0.03647234460422202,False,False,False,,,,QVQLQESGGGLVQAGGSLRLSCAASGRTFSSYAMGWFRQAPGKEREFVATISGSGGSTYYGDSVKGRFTISRDNAKNTVYLQMNSLKPDDTAVYYCAAAGSGTVVSSWSYDYDYWGQGTQVTVSSGS,VHH72_benchmark_both_200/mutation_recovery.csv,,6,2,0.43293410539627075,0.6277335286140442,39.19609602510405,false
design_csv,design_edit_6_sample_4,WT,0,L97W@101:G,5.004961111801527e-16,-5.004961111801527e-16,90.9999999999999,1.000000000000001,-0.03647234460422202,False,False,False,,,,QVQLQESGGGLVQAGGSLRLSCAASGRTFSSYAMGWFRQAPGKEREFVATISGSGGSTYYTDSVKGRFTISRDNAKNTVYLQMNSLKPDDTAVYYCAAAGGGTVVVVWDGDYDYWGQGTQVTVSSGS,VHH72_benchmark_both_200/mutation_recovery.csv,,6,4,0.4264370799064636,0.6124874949455261,9.790819675244798,false
design_csv,design_edit_7_sample_4,WT,0,L97W@101:T,5.004961111801527e-16,-5.004961111801527e-16,90.9999999999999,1.000000000000001,-0.03647234460422202,False,False,False,,,,QVQLQESGGGLVQAGGSLRLSCAASGRTFSSYAMGWFRQAPGKEREFVATISGSGGSTYYTDSVKGRFTISRDNAKNTVYLQMNSLKPDDTAVYYCAAAGTGTVVSLCCYSYDYWGQGTQVTVSSGS,VHH72_benchmark_both_200/mutation_recovery.csv,,7,4,0.4139171242713928,0.5736943483352661,60.69021207200281,false
design_csv,design_edit_7_sample_4,WT,0,,5.004961111801527e-16,-5.004961111801527e-16,90.9999999999999,1.000000000000001,-0.03647234460422202,False,False,False,,,,QVQLQESGGGLVQAGGSLRLSCAASGRTFSSYAMGWFRQAPGKEREFVATISGSGGSTYYTDSVKGRFTISRDNAKNTVYLQMNSLKPDDTAVYYCAAAGLGTVYSSSWYGYDYWGQGTQVTVSSGS,VHH72_benchmark_both_200/mutation_recovery.csv,,7,4,0.4127604365348816,0.5942919254302979,60.7340447251368,false
design_csv,design_edit_6_sample_2,WT,0,L97W@101:S,5.004961111801527e-16,-5.004961111801527e-16,90.9999999999999,1.000000000000001,-0.03647234460422202,False,False,False,,,,QVQLQESGGGLVQAGGSLRLSCAASGRTFSSYAMGWFRQAPGKEREFVATISGSGGSTYYTDSVKGRFTISRDNAKNTVYLQMNSLKPDDTAVYYCAAAGSGTVVSSWSYSYDYWGQGTQVTVSSGS,VHH72_benchmark_both_200/mutation_recovery.csv,,6,2,0.4064332842826843,0.6185777187347412,46.2398806430366,false
design_csv,design_edit_5_sample_1,WT,0,,5.004961111801527e-16,-5.004961111801527e-16,90.9999999999999,1.000000000000001,-0.03647234460422202,False,False,False,,,,QVQLQESGGGLVQAGGSLRLSCAASGRTFSSYAMGWFRQAPGKEREFVATISTSGGSTYYTDSVKGRFTISRDNAKNTVYLQMNSLKPDDTAVYYCAAAGLGTVVSRDDYIYDYWGQGTQVTVSSGS,VHH72_benchmark_both_200/mutation_recovery.csv,,5,1,0.4028404951095581,0.6229305863380432,19.43806562937635,false
design_csv,design_edit_6_sample_3,WT,0,L97W@101:G,5.004961111801527e-16,-5.004961111801527e-16,90.9999999999999,1.000000000000001,-0.03647234460422202,False,False,False,,,,QVQLQESGGGLVQAGGSLRLSCAASGRTFSSYAMGWFRQAPGKEREFVATISGSGGSTYYTDSVKGRFTISRDNAKNTVYLQMNSLKPDDTAVYYCAAAGGGTVRSYSDYDYDYWGQGTQVTVSSGS,VHH72_benchmark_both_200/mutation_recovery.csv,,6,3,0.4002767503261566,0.6147098541259766,34.032788391559365,false
design_csv,design_edit_7_sample_0,WT,0,L97W@101:G,5.004961111801527e-16,-5.004961111801527e-16,90.9999999999999,1.000000000000001,-0.03647234460422202,False,False,False,,,,QVQLQESGGGLVQAGGSLRLSCAASGRTFSSYAMGWFRQAPGKEREFVATISWSGGSTYYTDSVKGRFTISRDNAKNTVYLQMNSLKPDDTAVYYCAAAGGGTYSSSWPYYYDYWGQGTQVTVSSGS,VHH72_benchmark_both_200/mutation_recovery.csv,,7,0,0.39350923895835876,0.5723276734352112,52.90514294914831,false
design_csv,design_edit_6_sample_4,WT,0,,5.004961111801527e-16,-5.004961111801527e-16,90.9999999999999,1.000000000000001,-0.03647234460422202,False,False,False,,,,QVQLQESGGGLVQAGGSLRLSCAASGRTFSSYAMGWFRQAPGKEREFVATISGSGGSTYYTDSVKGRFTISRDNAKNTVYLQMNSLKPDDTAVYYCAAAGLGTVSSTWDGAYDYWGQGTQVTVSSGS,VHH72_benchmark_both_200/mutation_recovery.csv,,6,4,0.3856690227985382,0.5838345289230347,53.95827302161135,false
design_csv,design_edit_7_sample_2,WT,0,L97W@101:G,5.004961111801527e-16,-5.004961111801527e-16,90.9999999999999,1.000000000000001,-0.03647234460422202,False,False,False,,,,QVQLQESGGGLVQAGGSLRLSCAASGRTFSSYAMGWFRQAPGKEREFVATISGSGGSTYYTDSVKGRFTISRDNAKNTVYLQMNSLKPDDTAVYYCAAAGGGTYSSGWDYYYDYWGQGTQVTVSSGS,VHH72_benchmark_both_200/mutation_recovery.csv,,7,2,0.3763927221298218,0.5806760787963867,42.01487885093345,false
design_csv,design_edit_7_sample_4,WT,0,T99V@103:Y,5.004961111801527e-16,-5.004961111801527e-16,90.9999999999999,1.000000000000001,-0.03647234460422202,False,False,False,,,,QVQLQESGGGLVQAGGSLRLSCAASGRTFSSYAMGWFRQAPGKEREFVATISGSGGSTYYTDSVKGRFTISRDNAKNTVYLQMNSLKPDDTAVYYCAAAGLGYSSSSWDYYYDYWGQGTQVTVSSGS,VHH72_benchmark_both_200/mutation_recovery.csv,,7,4,0.3686750829219818,0.5637750625610352,4.996417794229104,false
design_csv,design_edit_5_sample_3,WT,0,,5.004961111801527e-16,-5.004961111801527e-16,90.9999999999999,1.000000000000001,-0.03647234460422202,False,False,False,,,,QVQLQESGGGLVQAGGSLRLSCAASGRTFSAYAMGWFRQAPGKEREFVATISQSGGSNYYTDSVKGRFTISRDNAKNTVYLQMNSLKPDDTAVYYCAAAGLGTLVSEWTYDYDYWGQGTQVTVSSGS,VHH72_benchmark_both_200/mutation_recovery.csv,,5,3,0.36506831645965576,0.5917820930480957,59.005348030666006,false
design_csv,design_edit_7_sample_0,WT,0,L97W@101:G,5.004961111801527e-16,-5.004961111801527e-16,90.9999999999999,1.000000000000001,-0.03647234460422202,False,False,False,,,,QVQLQESGGGLVQAGGSLRLSCAASGRTFSSYAMGWFRQAPGKEREFVATISPSGGSTYYGDSVKGRFTISRDNAKNTVYLQMNSLKPDDTAVYYCAAAGGGTVVSLWGGDYDYWGQGTQVTVSSGS,VHH72_benchmark_both_200/mutation_recovery.csv,,7,0,0.3588847517967224,0.5888644456863403,57.09922779706323,false
design_csv,design_edit_7_sample_0,WT,0,L97W@101:S,5.004961111801527e-16,-5.004961111801527e-16,90.9999999999999,1.000000000000001,-0.03647234460422202,False,False,False,,,,QVQLQESGGGLVQAGGSLRLSCAASGRTFSSYAMGWFRQAPGKEREFVATISGSGGSTYYGDSVKGRFTISRDNAKNTVYLQMNSLKPDDTAVYYCAAAGSGTVVSSWSSDYDYWGQGTQVTVSSGS,VHH72_benchmark_both_200/mutation_recovery.csv,,7,0,0.3123643696308136,0.580651044845581,9.814859329065015,false
design_csv,design_edit_5_sample_1,WT,0,L97W@101:S,5.004961111801527e-16,-5.004961111801527e-16,90.9999999999999,1.000000000000001,-0.03647234460422202,False,False,False,,,,QVQLQESGGGLVQAGGSLRLSCAASGRTFSEYAMGWFRQAPGKEREFVATISWSGGSTYYTDSVKGRFTISRDNAKNTVYLQMNSLKPDDTAVYYCAAAGSGTVQLDWNYDYDYWGQGTQVTVSSGS,VHH72_benchmark_both_200/mutation_recovery.csv,,5,1,0.30643749237060547,0.5759359002113342,51.86308703186091,false
design_csv,design_edit_6_sample_1,WT,0,L97W@101:R,5.004961111801527e-16,-5.004961111801527e-16,90.9999999999999,1.000000000000001,-0.03647234460422202,False,False,False,,,,QVQLQESGGGLVQAGGSLRLSCAASGRTFSSYAMGWFRQAPGKEREFVATISGSGGSTYYTDSVKGRFTISRDNAKNTVYLQMNSLKPDDTAVYYCAAAGRGTVVTPWDYFYDYWGQGTQVTVSSGS,VHH72_benchmark_both_200/mutation_recovery.csv,,6,1,0.2783914804458618,0.5774530172348022,43.352799096351305,false
design_csv,design_edit_5_sample_4,WT,0,T99V@103:G,5.004961111801527e-16,-5.004961111801527e-16,90.9999999999999,1.000000000000001,-0.03647234460422202,False,False,False,,,,QVQLQESGGGLVQAGGSLRLSCAASGRTFSNYAMGWFRQAPGKEREFVATISYSGGSTYYTDSVKGRFTISRDNAKNTVYLQMNSLKPDDTAVYYCAAAGLGGVVFFWDYDYDYWGQGTQVTVSSGS,VHH72_benchmark_both_200/mutation_recovery.csv,,5,4,0.27378106117248535,0.5638837218284607,42.0207216495552,false
design_csv,design_edit_7_sample_3,WT,0,L97W@101:G;T99V@103:G,5.004961111801527e-16,-5.004961111801527e-16,90.9999999999999,1.000000000000001,-0.03647234460422202,False,False,False,,,,QVQLQESGGGLVQAGGSLRLSCAASGRTFSSYAMGWFRQAPGKEREFVATISWSGGSTYYTDSVKGRFTISRDNAKNTVYLQMNSLKPDDTAVYYCAAAGGGGGGGGWDYDYDYWGQGTQVTVSSGS,VHH72_benchmark_both_200/mutation_recovery.csv,,7,3,0.27363452315330505,0.5379430055618286,48.38300387238342,false
design_csv,design_edit_7_sample_3,WT,0,L97W@101:G,5.004961111801527e-16,-5.004961111801527e-16,90.9999999999999,1.000000000000001,-0.03647234460422202,False,False,False,,,,QVQLQESGGGLVQAGGSLRLSCAASGRTFSSYAMGWFRQAPGKEREFVATISGSGGSTYYTDSVKGRFTISRDNAKNTVYLQMNSLKPDDTAVYYCAAAGGGTWGSSWDYYYDYWGQGTQVTVSSGS,VHH72_benchmark_both_200/mutation_recovery.csv,,7,3,0.26939138770103455,0.5204482078552246,23.444287867015312,false
design_csv,design_edit_7_sample_0,WT,0,L97W@101:R,5.004961111801527e-16,-5.004961111801527e-16,90.9999999999999,1.000000000000001,-0.03647234460422202,False,False,False,,,,QVQLQESGGGLVQAGGSLRLSCAASGRTFSSYAMGWFRQAPGKEREFVATISGSGGSTYYTDSVKGRFTISRDNAKNTVYLQMNSLKPDDTAVYYCAAAGRGTVVTPWGYFYDYWGQGTQVTVSSGS,VHH72_benchmark_both_200/mutation_recovery.csv,,7,0,0.26922544836997986,0.5386000871658325,21.293931247195584,false
design_csv,design_edit_6_sample_1,WT,0,,5.004961111801527e-16,-5.004961111801527e-16,90.9999999999999,1.000000000000001,-0.03647234460422202,False,False,False,,,,QVQLQESGGGLVQAGGSLRLSCAASGRTFSSYAMGWFRQAPGKEREFVATISGSGGSTYYTDSVKGRFTISRDNAKNTVYLQMNSLKPDDTAVYYCAAAGLGTYSSSWDGDYDYWGQGTQVTVSSGS,VHH72_benchmark_both_200/mutation_recovery.csv,,6,1,0.24372684955596924,0.5568617582321167,11.86635042285045,false
design_csv,design_edit_6_sample_4,L97W,1,,0.7037688872177883,-0.7037688872177883,17.999999999999968,5.055555555555564,0.7402412318220083,False,True,False,,,,QVQLQESGGGLVQAGGSLRLSCAASGRTFSSYAMGWFRQAPGKEREFVATISGSGGSTYYTDSVKGRFTISRDNAKNTVYLQMNSLKPDDTAVYYCAAAGWGTVSSGWSYDYDYWGQGTQVTVSSGS,VHH72_benchmark_both_200/mutation_recovery.csv,,6,4,0.2435879111289978,0.5292825698852539,43.32504782196492,false
design_csv,design_edit_5_sample_0,WT,0,,5.004961111801527e-16,-5.004961111801527e-16,90.9999999999999,1.000000000000001,-0.03647234460422202,False,False,False,,,,QVQLQESGGGLVQAGGSLRLSCAASGRTFSEYAMGWFRQAPGKEREFVATISWSGGSTYYQDSVKGRFTISRDNAKNTVYLQMNSLKPDDTAVYYCAAAGLGTVHSNWWRDYDYWGQGTQVTVSSGS,VHH72_benchmark_both_200/mutation_recovery.csv,,5,0,0.23054476082324982,0.5428080558776855,47.59528016945296,false
design_csv,design_edit_6_sample_3,WT,0,,5.004961111801527e-16,-5.004961111801527e-16,90.9999999999999,1.000000000000001,-0.03647234460422202,False,False,False,,,,QVQLQESGGGLVQAGGSLRLSCAASGRTFSSYAMGWFRQAPGKEREFVATISGSGGSTYYTDSVKGRFTISRDNAKNTVYLQMNSLKPDDTAVYYCAAAGLGTVVVVVDGDYDYWGQGTQVTVSSGS,VHH72_benchmark_both_200/mutation_recovery.csv,,6,3,0.22147053480148315,0.5367653369903564,38.81006863731663,false
design_csv,design_edit_6_sample_2,WT,0,L97W@101:G;T99V@103:G,5.004961111801527e-16,-5.004961111801527e-16,90.9999999999999,1.000000000000001,-0.03647234460422202,False,False,False,,,,QVQLQESGGGLVQAGGSLRLSCAASGRTFSSYAMGWFRQAPGKEREFVATISWSGGSTYYTDSVKGRFTISRDNAKNTVYLQMNSLKPDDTAVYYCAAAGGGGGGSSWDYDYDYWGQGTQVTVSSGS,VHH72_benchmark_both_200/mutation_recovery.csv,,6,2,0.21743249893188477,0.5346407294273376,51.65531772079847,false
design_csv,design_edit_6_sample_1,WT,0,,5.004961111801527e-16,-5.004961111801527e-16,90.9999999999999,1.000000000000001,-0.03647234460422202,False,False,False,,,,QVQLQESGGGLVQAGGSLRLSCAASGRTFSEYAMGWFRQAPGKEREFVATISWSGGSTYYGDSVKGRFTISRDNAKNTVYLQMNSLKPDDTAVYYCAAAGLGTGSSGWSYYYDYWGQGTQVTVSSGS,VHH72_benchmark_both_200/mutation_recovery.csv,,6,1,0.2118483930826187,0.5264962911605835,48.2969922378561,false
design_csv,design_edit_5_sample_4,WT,0,,5.004961111801527e-16,-5.004961111801527e-16,90.9999999999999,1.000000000000001,-0.03647234460422202,False,False,False,,,,QVQLQESGGGLVQAGGSLRLSCAASGRTFSEYAMGWFRQAPGKEREFVATISTSGGSEYYTDSVKGRFTISRDNAKNTVYLQMNSLKPDDTAVYYCAAAGLGTVVSGADYPYDYWGQGTQVTVSSGS,VHH72_benchmark_both_200/mutation_recovery.csv,,5,4,0.2041507214307785,0.42653557658195496,46.66886619833962,false
design_csv,design_edit_5_sample_1,WT,0,L97W@101:R,5.004961111801527e-16,-5.004961111801527e-16,90.9999999999999,1.000000000000001,-0.03647234460422202,False,False,False,,,,QVQLQESGGGLVQAGGSLRLSCAASGRTFSSYAMGWFRQAPGKEREFVATISCSGGSTYYTDSVKGRFTISRDNAKNTVYLQMNSLKPDDTAVYYCAAAGRGTVVSSWDYSYDYWGQGTQVTVSSGS,VHH72_benchmark_both_200/mutation_recovery.csv,,5,1,0.19921454787254333,0.5324076414108276,62.93822125439086,false
design_csv,design_edit_5_sample_4,WT,0,L97W@101:S,5.004961111801527e-16,-5.004961111801527e-16,90.9999999999999,1.000000000000001,-0.03647234460422202,False,False,False,,,,QVQLQESGGGLVQAGGSLRLSCAASGRTFSCYAMGWFRQAPGKEREFVATISVSGGSTYYTDSVKGRFTISRDNAKNTVYLQMNSLKPDDTAVYYCAAAGSGTVVSEWYYSYDYWGQGTQVTVSSGS,VHH72_benchmark_both_200/mutation_recovery.csv,,5,4,0.19762703776359558,0.46823418140411377,61.767711526148226,false
design_csv,design_edit_7_sample_1,WT,0,T99V@103:S,5.004961111801527e-16,-5.004961111801527e-16,90.9999999999999,1.000000000000001,-0.03647234460422202,False,False,False,,,,QVQLQESGGGLVQAGGSLRLSCAASGRTFSSYAMGWFRQAPGKEREFVATISGSGGSTYYTDSVKGRFTISRDNAKNTVYLQMNSLKPDDTAVYYCAAAGLGSVSSGWFYYYDYWGQGTQVTVSSGS,VHH72_benchmark_both_200/mutation_recovery.csv,,7,1,0.1961486041545868,0.4536047577857971,60.667232667291785,false
design_csv,design_edit_7_sample_1,WT,0,L97W@101:R;T99V@103:Y,5.004961111801527e-16,-5.004961111801527e-16,90.9999999999999,1.000000000000001,-0.03647234460422202,False,False,False,,,,QVQLQESGGGLVQAGGSLRLSCAASGRTFSSYAMGWFRQAPGKEREFVATISGSGGSTYYTDSVKGRFTISRDNAKNTVYLQMNSLKPDDTAVYYCAAAGRGYSGSEWDYYYDYWGQGTQVTVSSGS,VHH72_benchmark_both_200/mutation_recovery.csv,,7,1,0.19367210566997528,0.5431215167045593,59.80257135982709,false
design_csv,design_edit_6_sample_0,WT,0,L97W@101:T,5.004961111801527e-16,-5.004961111801527e-16,90.9999999999999,1.000000000000001,-0.03647234460422202,False,False,False,,,,QVQLQESGGGLVQAGGSLRLSCAASGRTFSSYAMGWFRQAPGKEREFVATISGSGGSTYYTDSVKGRFTISRDNAKNTVYLQMNSLKPDDTAVYYCAAAGTGTVVSLCCYDYDYWGQGTQVTVSSGS,VHH72_benchmark_both_200/mutation_recovery.csv,,6,0,0.1932314932346344,0.47009027004241943,51.385666206663046,false
design_csv,design_edit_6_sample_2,WT,0,L97W@101:G,5.004961111801527e-16,-5.004961111801527e-16,90.9999999999999,1.000000000000001,-0.03647234460422202,False,False,False,,,,QVQLQESGGGLVQAGGSLRLSCAASGRTFSSYAMGWFRQAPGKEREFVATISGSGGSTYYTDSVKGRFTISRDNAKNTVYLQMNSLKPDDTAVYYCAAAGGGTVTSRWDYYYDYWGQGTQVTVSSGS,VHH72_benchmark_both_200/mutation_recovery.csv,,6,2,0.19314640760421753,0.5412564277648926,61.70030636891708,false
design_csv,design_edit_7_sample_1,WT,0,L97W@101:G,5.004961111801527e-16,-5.004961111801527e-16,90.9999999999999,1.000000000000001,-0.03647234460422202,False,False,False,,,,QVQLQESGGGLVQAGGSLRLSCAASGRTFSSYAMGWFRQAPGKEREFVATISGSGGSTYYTDSVKGRFTISRDNAKNTVYLQMNSLKPDDTAVYYCAAAGGGTVVVVWGGDYDYWGQGTQVTVSSGS,VHH72_benchmark_both_200/mutation_recovery.csv,,7,1,0.19231581687927246,0.5314573645591736,54.27737676958112,false
design_csv,design_edit_7_sample_1,WT,0,L97W@101:G,5.004961111801527e-16,-5.004961111801527e-16,90.9999999999999,1.000000000000001,-0.03647234460422202,False,False,False,,,,QVQLQESGGGLVQAGGSLRLSCAASGRTFSSYAMGWFRQAPGKEREFVATISWSGGSTYYTDSVKGRFTISRDNAKNTVYLQMNSLKPDDTAVYYCAAAGGGTVSSGWSSGYDYWGQGTQVTVSSGS,VHH72_benchmark_both_200/mutation_recovery.csv,,7,1,0.19070950150489807,0.5184148550033569,31.08954164030388,false
design_csv,design_edit_7_sample_3,WT,0,T99V@103:S,5.004961111801527e-16,-5.004961111801527e-16,90.9999999999999,1.000000000000001,-0.03647234460422202,False,False,False,,,,QVQLQESGGGLVQAGGSLRLSCAASGRTFSSYAMGWFRQAPGKEREFVATISWSGGSTYYTDSVKGRFTISRDNAKNTVYLQMNSLKPDDTAVYYCAAAGLGSVSSGWYGYYDYWGQGTQVTVSSGS,VHH72_benchmark_both_200/mutation_recovery.csv,,7,3,0.18682293593883514,0.5397708415985107,31.600754040770884,false
design_csv,design_edit_6_sample_2,WT,0,,5.004961111801527e-16,-5.004961111801527e-16,90.9999999999999,1.000000000000001,-0.03647234460422202,False,False,False,,,,QVQLQESGGGLVQAGGSLRLSCAASGRTFSSYAMGWFRQAPGKEREFVATISGSGGSTYYGDSVKGRFTISRDNAKNTVYLQMNSLKPDDTAVYYCAAAGLGTVVSGWYYYYDYWGQGTQVTVSSGS,VHH72_benchmark_both_200/mutation_recovery.csv,,6,2,0.18654543161392212,0.32985275983810425,16.19982505937156,false
design_csv,design_edit_6_sample_0,WT,0,,5.004961111801527e-16,-5.004961111801527e-16,90.9999999999999,1.000000000000001,-0.03647234460422202,False,False,False,,,,QVQLQESGGGLVQAGGSLRLSCAASGRTFSSYAMGWFRQAPGKEREFVATISGSGGSTYYGDSVKGRFTISRDNAKNTVYLQMNSLKPDDTAVYYCAAAGLGTVVSLWGYSYDYWGQGTQVTVSSGS,VHH72_benchmark_both_200/mutation_recovery.csv,,6,0,0.18605363368988037,0.4842246174812317,29.067183551426435,false
design_csv,design_edit_5_sample_1,WT,0,,5.004961111801527e-16,-5.004961111801527e-16,90.9999999999999,1.000000000000001,-0.03647234460422202,False,False,False,,,,QVQLQESGGGLVQAGGSLRLSCAASGRTFSGYAMGWFRQAPGKEREFVATISISGGSTYYGDSVKGRFTISRDNAKNTVYLQMNSLKPDDTAVYYCAAAGLGTVVSPWDYQYDYWGQGTQVTVSSGS,VHH72_benchmark_both_200/mutation_recovery.csv,,5,1,0.18195267021656036,0.4983976185321808,40.057253294150556,false
design_csv,design_edit_5_sample_2,L97W,1,,0.7037688872177883,-0.7037688872177883,17.999999999999968,5.055555555555564,0.7402412318220083,False,True,False,,,,QVQLQESGGGLVQAGGSLRLSCAASGRTFSEYAMGWFRQAPGKEREFVATISSSGNSTYYTDSVKGRFTISRDNAKNTVYLQMNSLKPDDTAVYYCAAAGWGTVGSEWDYGYDYWGQGTQVTVSSGS,VHH72_benchmark_both_200/mutation_recovery.csv,,5,2,0.17712941765785217,0.48884326219558716,53.35636244952707,false
design_csv,design_edit_7_sample_1,WT,0,,5.004961111801527e-16,-5.004961111801527e-16,90.9999999999999,1.000000000000001,-0.03647234460422202,False,False,False,,,,QVQLQESGGGLVQAGGSLRLSCAASGRTFSSYAMGWFRQAPGKEREFVATISGSGGSTYYTDSVKGRFTISRDNAKNTVYLQMNSLKPDDTAVYYCAAAGLGTVSSTWYGAYDYWGQGTQVTVSSGS,VHH72_benchmark_both_200/mutation_recovery.csv,,7,1,0.17687898874282837,0.4965154528617859,57.846161923682956,false
design_csv,design_edit_6_sample_2,WT,0,T99V@103:G,5.004961111801527e-16,-5.004961111801527e-16,90.9999999999999,1.000000000000001,-0.03647234460422202,False,False,False,,,,QVQLQESGGGLVQAGGSLRLSCAASGRTFSSYAMGWFRQAPGKEREFVATISGSGGSTYYTDSVKGRFTISRDNAKNTVYLQMNSLKPDDTAVYYCAAAGLGGVVSEWLLLYDYWGQGTQVTVSSGS,VHH72_benchmark_both_200/mutation_recovery.csv,,6,2,0.17538145184516907,0.5085883140563965,41.64910904665361,false
design_csv,design_edit_5_sample_0,WT,0,S56M@57:P;L97W@101:P,5.004961111801527e-16,-5.004961111801527e-16,90.9999999999999,1.000000000000001,-0.03647234460422202,False,False,False,,,,QVQLQESGGGLVQAGGSLRLSCAASGRTFDNYAMGWFRQAPGKEREFVATISWSGGPTYYTDSVKGRFTISRDNAKNTVYLQMNSLKPDDTAVYYCAAAGPGTVVSEWDYGYDYWGQGTQVTVSSGS,VHH72_benchmark_both_200/mutation_recovery.csv,,5,0,0.1753622591495514,0.48072168231010437,47.25649410677226,false
design_csv,design_edit_5_sample_4,WT,0,,5.004961111801527e-16,-5.004961111801527e-16,90.9999999999999,1.000000000000001,-0.03647234460422202,False,False,False,,,,QVQLQESGGGLVQAGGSLRLSCAASGRTFSNYAMGWFRQAPGKEREFVATISISGGSTYYTDVVKGRFTISRDNAKNTVYLQMNSLKPDDTAVYYCAAAGLGTVVGMWDYDYDYWGQGTQVTVSSGS,VHH72_benchmark_both_200/mutation_recovery.csv,,5,4,0.17218929529190063,0.491840124130249,28.693160843459328,false
design_csv,design_edit_5_sample_4,WT,0,,5.004961111801527e-16,-5.004961111801527e-16,90.9999999999999,1.000000000000001,-0.03647234460422202,False,False,False,,,,QVQLQESGGGLVQAGGSLRLSCAASGRTFSEYAMGWFRQAPGKEREFVATISKSGGSTYYGDSVKGRFTISRDNAKNTVYLQMNSLKPDDTAVYYCAAAGLGTVVSENEYYYDYWGQGTQVTVSSGS,VHH72_benchmark_both_200/mutation_recovery.csv,,5,4,0.17043551802635193,0.4633837938308716,58.90565046927695,false
design_csv,design_edit_7_sample_0,WT,0,L97W@101:G;T99V@103:G,5.004961111801527e-16,-5.004961111801527e-16,90.9999999999999,1.000000000000001,-0.03647234460422202,False,False,False,,,,QVQLQESGGGLVQAGGSLRLSCAASGRTFSSYAMGWFRQAPGKEREFVATISGSGGSTYYTDSVKGRFTISRDNAKNTVYLQMNSLKPDDTAVYYCAAAGGGGVVSEWLLLYDYWGQGTQVTVSSGS,VHH72_benchmark_both_200/mutation_recovery.csv,,7,0,0.17032375931739807,0.4798934757709503,15.452156261870128,false
design_csv,design_edit_7_sample_4,T99V,1,,1.1017088958898253,-1.1017088958898253,7.199999999999997,12.638888888888895,1.1381812404940463,False,False,True,,,,QVQLQESGGGLVQAGGSLRLSCAASGRTFSEYAMGWFRQAPGKEREFVATISGSGGSTYYTDSVKGRFTISRDNAKNTVYLQMNSLKPDDTAVYYCAAAGLGVFSSGWYGDYDYWGQGTQVTVSSGS,VHH72_benchmark_both_200/mutation_recovery.csv,,7,4,0.1669648438692093,0.4797263741493225,34.38246050145644,false
design_csv,design_edit_6_sample_0,WT,0,,5.004961111801527e-16,-5.004961111801527e-16,90.9999999999999,1.000000000000001,-0.03647234460422202,False,False,False,,,,QVQLQESGGGLVQAGGSLRLSCAASGRTFSSYAMGWFRQAPGKEREFVATISGSGGSTYYTDSVKGRFTISRDNAKNTVYLQMNSLKPDDTAVYYCAAAGLGTVAGTWDYYYDYWGQGTQVTVSSGS,VHH72_benchmark_both_200/mutation_recovery.csv,,6,0,0.16664168238639832,0.46100491285324097,54.314120420617826,false
design_csv,design_edit_7_sample_3,L97W,1,,0.7037688872177883,-0.7037688872177883,17.999999999999968,5.055555555555564,0.7402412318220083,False,True,False,,,,QVQLQESGGGLVQAGGSLRLSCAASGRTFSSYAMGWFRQAPGKEREFVATISGSGGSTYYTDSVKGRFTISRDNAKNTVYLQMNSLKPDDTAVYYCAAAGWGTYSSGWSYDYDYWGQGTQVTVSSGS,VHH72_benchmark_both_200/mutation_recovery.csv,,7,3,0.16357289254665375,0.47032272815704346,7.85655451341701,false
design_csv,design_edit_7_sample_3,WT,0,L97W@101:G,5.004961111801527e-16,-5.004961111801527e-16,90.9999999999999,1.000000000000001,-0.03647234460422202,False,False,False,,,,QVQLQESGGGLVQAGGSLRLSCAASGRTFSSYAMGWFRQAPGKEREFVATISGSGGSTYYTDSVKGRFTISRDNAKNTVYLQMNSLKPDDTAVYYCAAAGGGTVSSGWSYFYDYWGQGTQVTVSSGS,VHH72_benchmark_both_200/mutation_recovery.csv,,7,3,0.1620296835899353,0.44699883460998535,60.835267526269504,false
design_csv,design_edit_6_sample_1,WT,0,L97W@101:G,5.004961111801527e-16,-5.004961111801527e-16,90.9999999999999,1.000000000000001,-0.03647234460422202,False,False,False,,,,QVQLQESGGGLVQAGGSLRLSCAASGRTFSEYAMGWFRQAPGKEREFVATISGSGGSTYYTDSVKGRFTISRDNAKNTVYLQMNSLKPDDTAVYYCAAAGGGTVSSGWYYYYDYWGQGTQVTVSSGS,VHH72_benchmark_both_200/mutation_recovery.csv,,6,1,0.16179390251636505,0.401101291179657,42.13216098750086,false
design_csv,design_edit_6_sample_1,WT,0,T99V@103:C,5.004961111801527e-16,-5.004961111801527e-16,90.9999999999999,1.000000000000001,-0.03647234460422202,False,False,False,,,,QVQLQESGGGLVQAGGSLRLSCAASGRTFSSYAMGWFRQAPGKEREFVATISGSGGSTYYTDSVKGRFTISRDNAKNTVYLQMNSLKPDDTAVYYCAAACLGCVVSEWDLLYDYWGQGTQVTVSSGS,VHH72_benchmark_both_200/mutation_recovery.csv,,6,1,0.16169942915439606,0.42651233077049255,41.91054430573757,false
design_csv,design_edit_5_sample_2,WT,0,T99V@103:P,5.004961111801527e-16,-5.004961111801527e-16,90.9999999999999,1.000000000000001,-0.03647234460422202,False,False,False,,,,QVQLQESGGGLVQAGGSLRLSCAASGRTFSDYAMGWFRQAPGKEREFVATISCSGTSTYYTDSVKGRFTISRDNAKNTVYLQMNSLKPDDTAVYYCAAAQLGPVVSEWDYDYDYWGQGTQVTVSSGS,VHH72_benchmark_both_200/mutation_recovery.csv,,5,2,0.16141822934150696,0.48733457922935486,60.95630234444191,false
design_csv,design_edit_6_sample_4,T99V,1,,1.1017088958898253,-1.1017088958898253,7.199999999999997,12.638888888888895,1.1381812404940463,False,False,True,,,,QVQLQESGGGLVQAGGSLRLSCAASGRTFSSYAMGWFRQAPGKEREFVATISGSGGSTYYTDSVKGRFTISRDNAKNTVYLQMNSLKPDDTAVYYCAAAGLGVVVSAADGDYDYWGQGTQVTVSSGS,VHH72_benchmark_both_200/mutation_recovery.csv,,6,4,0.15720221400260925,0.41963517665863037,40.71877354548222,false
design_csv,design_edit_7_sample_1,WT,0,T99V@103:S,5.004961111801527e-16,-5.004961111801527e-16,90.9999999999999,1.000000000000001,-0.03647234460422202,False,False,False,,,,QVQLQESGGGLVQAGGSLRLSCAASGRTFSSYAMGWFRQAPGKEREFVATISGSGGSTYYTDSVKGRFTISRDNAKNTVYLQMNSLKPDDTAVYYCAAAGLGSGVSGWPYYYDYWGQGTQVTVSSGS,VHH72_benchmark_both_200/mutation_recovery.csv,,7,1,0.1557908058166504,0.453715980052948,51.83808392705331,false
design_csv,design_edit_6_sample_4,WT,0,L97W@101:G,5.004961111801527e-16,-5.004961111801527e-16,90.9999999999999,1.000000000000001,-0.03647234460422202,False,False,False,,,,QVQLQESGGGLVQAGGSLRLSCAASGRTFSSYAMGWFRQAPGKEREFVATISGSGGSTYYTDSVKGRFTISRDNAKNTVYLQMNSLKPDDTAVYYCAAAGGGTVVSEWSGYYDYWGQGTQVTVSSGS,VHH72_benchmark_both_200/mutation_recovery.csv,,6,4,0.15472514927387238,0.4655913710594177,58.88358180201366,false
design_csv,design_edit_5_sample_4,WT,0,S56M@57:D,5.004961111801527e-16,-5.004961111801527e-16,90.9999999999999,1.000000000000001,-0.03647234460422202,False,False,False,,,,QVQLQESGGGLVQAGGSLRLSCAASGRTFSAYAMGWFRQAPGKEREFVATISWSGGDTYYTDSVKGRFTISRDNAKNTVYLQMNSLKPDDTAVYYCAAAGLGTVVSSADYQYDYWGQGTQVTVSSGS,VHH72_benchmark_both_200/mutation_recovery.csv,,5,4,0.1538107693195343,0.47052672505378723,43.09531388040116,false
design_csv,design_edit_7_sample_3,WT,0,L97W@101:G,5.004961111801527e-16,-5.004961111801527e-16,90.9999999999999,1.000000000000001,-0.03647234460422202,False,False,False,,,,QVQLQESGGGLVQAGGSLRLSCAASGRTFSSYAMGWFRQAPGKEREFVATISGSGGSTYYTDSVKGRFTISRDNAKNTVYLQMNSLKPDDTAVYYCAAAGGGTVSSGWDRAYDYWGQGTQVTVSSGS,VHH72_benchmark_both_200/mutation_recovery.csv,,7,3,0.1535683572292328,0.47655153274536133,58.04409642566333,false
design_csv,design_edit_7_sample_0,WT,0,L97W@101:G,5.004961111801527e-16,-5.004961111801527e-16,90.9999999999999,1.000000000000001,-0.03647234460422202,False,False,False,,,,QVQLQESGGGLVQAGGSLRLSCAASGRTFSSYAMGWFRQAPGKEREFVATISGSGGSTYYTDSVKGRFTISRDNAKNTVYLQMNSLKPDDTAVYYCAAAGGGTVVSEGGGGYDYWGQGTQVTVSSGS,VHH72_benchmark_both_200/mutation_recovery.csv,,7,0,0.15068334341049194,0.48342663049697876,19.730193357690684,false
design_csv,design_edit_5_sample_1,WT,0,,5.004961111801527e-16,-5.004961111801527e-16,90.9999999999999,1.000000000000001,-0.03647234460422202,False,False,False,,,,QVQLQESGGGLVQAGGSLRLSCAASGRTFSTYAMGWFRQAPGKEREFVATISISGGSTYYDDPVKGRFTISRDNAKNTVYLQMNSLKPDDTAVYYCAAAGLGTVVSEFDYDYDYWGQGTQVTVSSGS,VHH72_benchmark_both_200/mutation_recovery.csv,,5,1,0.1435106098651886,0.4301818609237671,9.497431512054378,false
design_csv,design_edit_6_sample_0,WT,0,L97W@101:R,5.004961111801527e-16,-5.004961111801527e-16,90.9999999999999,1.000000000000001,-0.03647234460422202,False,False,False,,,,QVQLQESGGGLVQAGGSLRLSCAASGRTFSSYAMGWFRQAPGKEREFVATISGSGGSTYYTDSVKGRFTISRDNAKNTVYLQMNSLKPDDTAVYYCAAAGRGTVVSEWSGYYDYWGQGTQVTVSSGS,VHH72_benchmark_both_200/mutation_recovery.csv,,6,0,0.0,0.44160765409469604,42.79653983872001,false
design_csv,design_edit_6_sample_0,WT,0,,5.004961111801527e-16,-5.004961111801527e-16,90.9999999999999,1.000000000000001,-0.03647234460422202,False,False,False,,,,QVQLQESGGGLVQAGGSLRLSCAASGRTFSSYAMGWFRQAPGKEREFVATISGSGGSTYYTDSVKGRFTISRDNAKNTVYLQMNSLKPDDTAVYYCAAAGLGTVVSATPYYYDYWGQGTQVTVSSGS,VHH72_benchmark_both_200/mutation_recovery.csv,,6,0,0.0,0.4289884567260742,23.361139754438938,false
design_csv,design_edit_5_sample_4,WT,0,,5.004961111801527e-16,-5.004961111801527e-16,90.9999999999999,1.000000000000001,-0.03647234460422202,False,False,False,,,,QVQLQESGGGLVQAGGSLRLSCAASGRTFSQYAMGWFRQAPGKEREFVATISFSGGSTYYTDSVKGRFTISRDNAKNTVYLQMNSLKPDDTAVYYCAAAGLSTPVSEWDWDYDYWGQGTQVTVSSGS,VHH72_benchmark_both_200/mutation_recovery.csv,,5,4,0.0,0.42079687118530273,55.93069694243688,false
design_csv,design_edit_7_sample_3,WT,0,,5.004961111801527e-16,-5.004961111801527e-16,90.9999999999999,1.000000000000001,-0.03647234460422202,False,False,False,,,,QVQLQESGGGLVQAGGSLRLSCAASGRTFSSYAMGWFRQAPGKEREFVATISWSGGSTYYGDSVKGRFTISRDNAKNTVYLQMNSLKPDDTAVYYCAAAGLSTPVSYSGYDYDYWGQGTQVTVSSGS,VHH72_benchmark_both_200/mutation_recovery.csv,,7,3,0.0,0.41555720567703247,58.194153342218094,false
design_csv,design_edit_7_sample_4,T99V,1,,1.1017088958898253,-1.1017088958898253,7.199999999999997,12.638888888888895,1.1381812404940463,False,False,True,,,,QVQLQESGGGLVQAGGSLRLSCAASGRTFSSYAMGWFRQAPGKEREFVATISGSGGSTYYTDSVKGRFTISRDNAKNTVYLQMNSLKPDDTAVYYCAAAGLGVVVSATPYYYDYWGQGTQVTVSSGS,VHH72_benchmark_both_200/mutation_recovery.csv,,7,4,0.0,0.4119917154312134,53.52376224723884,false
design_csv,design_edit_5_sample_4,WT,0,,5.004961111801527e-16,-5.004961111801527e-16,90.9999999999999,1.000000000000001,-0.03647234460422202,False,False,False,,,,QVQLQESGGGLVQAGGSLRLSCAASGRTFSCYAMGWFRQAPGKEREFVATISWSGSSTYYTDSVKGRFTISRDNAKNTVYLQMNSLKPDDTAVYYCAAAGLGTVASEWSYNYDYWGQGTQVTVSSGS,VHH72_benchmark_both_200/mutation_recovery.csv,,5,4,0.0,0.40123793482780457,42.15840552128712,false
design_csv,design_edit_5_sample_1,WT,0,,5.004961111801527e-16,-5.004961111801527e-16,90.9999999999999,1.000000000000001,-0.03647234460422202,False,False,False,,,,QVQLQESGGGLVQAGGSLRLSCAASGRTFVSYAMGWFRQAPGKEREFVATISWSGGSTYYTDFVKGRFTISRDNAKNTVYLQMNSLKPDDTAVYYCAAAGLGTVYSERDYDYDYWGQGTQVTVSSGS,VHH72_benchmark_both_200/mutation_recovery.csv,,5,1,0.0,0.4010252058506012,50.45218389848993,false
design_csv,design_edit_7_sample_0,WT,0,L97W@101:G,5.004961111801527e-16,-5.004961111801527e-16,90.9999999999999,1.000000000000001,-0.03647234460422202,False,False,False,,,,QVQLQESGGGLVQAGGSLRLSCAASGRTFSSYAMGWFRQAPGKEREFVATISWSGGSTYYGDSVKGRFTISRDNAKNTVYLQMNSLKPDDTAVYYCAAAGGGTVVSECCGSYDYWGQGTQVTVSSGS,VHH72_benchmark_both_200/mutation_recovery.csv,,7,0,0.0,0.38976800441741943,47.11201939686557,false
design_csv,design_edit_7_sample_1,WT,0,T99V@103:G,5.004961111801527e-16,-5.004961111801527e-16,90.9999999999999,1.000000000000001,-0.03647234460422202,False,False,False,,,,QVQLQESGGGLVQAGGSLRLSCAASGRTFSGYAMGWFRQAPGKEREFVATISGSGGSTYYTDSVKGRFTISRDNAKNTVYLQMNSLKPDDTAVYYCAAAGLYGSGSEWGYDYDYWGQGTQVTVSSGS,VHH72_benchmark_both_200/mutation_recovery.csv,,7,1,0.0,0.37970924377441406,52.49249496264247,false
design_csv,design_edit_7_sample_1,T99V,1,,1.1017088958898253,-1.1017088958898253,7.199999999999997,12.638888888888895,1.1381812404940463,False,False,True,,,,QVQLQESGGGLVQAGGSLRLSCAASGRTFSSYAMGWFRQAPGKEREFVATISGSGGSTYYTDSVKGRFTISRDNAKNTVYLQMNSLKPDDTAVYYCAAAGLGVVVSAADGGYDYWGQGTQVTVSSGS,VHH72_benchmark_both_200/mutation_recovery.csv,,7,1,0.0,0.36738720536231995,48.38103379738465,false
design_csv,design_edit_5_sample_0,WT,0,,5.004961111801527e-16,-5.004961111801527e-16,90.9999999999999,1.000000000000001,-0.03647234460422202,False,False,False,,,,QVQLQESGGGLVQAGGSLRLSCAASGRTFSEYAMGWFRQAPGKEREFVATISGSGGSTYYTDSVKGRFTISRDNAKNTVYLQMNSLKPDDTAVYYCAAAGLGTPVSQWYYMYDYWGQGTQVTVSSGS,VHH72_benchmark_both_200/mutation_recovery.csv,,5,0,0.0,0.3579244911670685,16.201291368364817,false
design_csv,design_edit_7_sample_4,WT,0,L97W@101:G,5.004961111801527e-16,-5.004961111801527e-16,90.9999999999999,1.000000000000001,-0.03647234460422202,False,False,False,,,,QVQLQESGGGLVQAGGSLRLSCAASGRTFSSYAMGWFRQAPGKEREFVATISGSGGSTYYTDSVKGRFTISRDNAKNTVYLQMNSLKPDDTAVYYCAAAGGGTVVSPADGGYDYWGQGTQVTVSSGS,VHH72_benchmark_both_200/mutation_recovery.csv,,7,4,0.0,0.35758134722709656,53.02450660138376,false
design_csv,design_edit_7_sample_1,T99V,1,L97W@101:R,1.1017088958898253,-1.1017088958898253,7.199999999999997,12.638888888888895,1.1381812404940463,False,False,True,,,,QVQLQESGGGLVQAGGSLRLSCAASGRTFSSYAMGWFRQAPGKEREFVATISGSGGSTYYTDSVKGRFTISRDNAKNTVYLQMNSLKPDDTAVYYCAAAGRGVVVVEADTDYDYWGQGTQVTVSSGS,VHH72_benchmark_both_200/mutation_recovery.csv,,7,1,0.0,0.35672706365585327,62.081304827608385,false
design_csv,design_edit_5_sample_2,WT,0,,5.004961111801527e-16,-5.004961111801527e-16,90.9999999999999,1.000000000000001,-0.03647234460422202,False,False,False,,,,QVQLQESGGGLVQAGGSLRLSCAASGRTFSLYAMGWFRQAPGKEREFVATISTSGGSTYYTDSVKGRFTISRDNAKNTVYLQMNSLKPDDTAVYYCAAAGLGTVVSTWGYCYDYWGQGTQVTVSSGS,VHH72_benchmark_both_200/mutation_recovery.csv,,5,2,0.0,0.3502327799797058,26.32199862842221,false
design_csv,design_edit_6_sample_3,WT,0,,5.004961111801527e-16,-5.004961111801527e-16,90.9999999999999,1.000000000000001,-0.03647234460422202,False,False,False,,,,QVQLQESGGGLVQAGGSLRLSCAASGRTFSSYAMGWFRQAPGKEREFVATISWSGGSTYYTDSVKGRFTISRDNAKNTVYLQMNSLKPDDTAVYYCAAAGLGTVSSGWYGYYDYWGQGTQVTVSSGS,VHH72_benchmark_both_200/mutation_recovery.csv,,6,3,0.0,0.349567711353302,63.070197683658776,false
design_csv,design_edit_7_sample_1,WT,0,L97W@101:G;T99V@103:G,5.004961111801527e-16,-5.004961111801527e-16,90.9999999999999,1.000000000000001,-0.03647234460422202,False,False,False,,,,QVQLQESGGGLVQAGGSLRLSCAASGRTFSSYAMGWFRQAPGKEREFVATISGSGGSTYYTDSVKGRFTISRDNAKNTVYLQMNSLKPDDTAVYYCAAAGGGGGGSSWDYDYDYWGQGTQVTVSSGS,VHH72_benchmark_both_200/mutation_recovery.csv,,7,1,0.0,0.34066009521484375,25.47088554187613,false
design_csv,design_edit_7_sample_3,T99V,1,,1.1017088958898253,-1.1017088958898253,7.199999999999997,12.638888888888895,1.1381812404940463,False,False,True,,,,QVQLQESGGGLVQAGGSLRLSCAASGRTFSSYAMGWFRQAPGKEREFVATISGSGGSTYYTDSVKGRFTISRDNAKNTVYLQMNSLKPDDTAVYYCAAAGLGVVGSGWYGDYDYWGQGTQVTVSSGS,VHH72_benchmark_both_200/mutation_recovery.csv,,7,3,0.0,0.32909855246543884,50.21232762961244,false
design_csv,design_edit_6_sample_4,WT,0,,5.004961111801527e-16,-5.004961111801527e-16,90.9999999999999,1.000000000000001,-0.03647234460422202,False,False,False,,,,QVQLQESGGGLVQAGGSLRLSCAASGRTFSEYAMGWFRQAPGKEREFVATISGSGGSTYYGDSVKGRFTISRDNAKNTVYLQMNSLKPDDTAVYYCAAAGLGTVSSGWYYYYDYWGQGTQVTVSSGS,VHH72_benchmark_both_200/mutation_recovery.csv,,6,4,0.0,0.3197633624076843,22.60925245185563,false
design_csv,design_edit_6_sample_4,WT,0,,5.004961111801527e-16,-5.004961111801527e-16,90.9999999999999,1.000000000000001,-0.03647234460422202,False,False,False,,,,QVQLQESGGGLVQAGGSLRLSCAASGRTFSSYAMGWFRQAPGKEREFVATISGSGGSTYYTDSVKGRFTISRDNAKNTVYLQMNSLKPDDTAVYYCAAAGLGTVVSSSWYSYDYWGQGTQVTVSSGS,VHH72_benchmark_both_200/mutation_recovery.csv,,6,4,0.0,0.3158096671104431,46.6980365378899,false
design_csv,design_edit_5_sample_1,WT,0,S56M@57:N;T99V@103:R,5.004961111801527e-16,-5.004961111801527e-16,90.9999999999999,1.000000000000001,-0.03647234460422202,False,False,False,,,,QVQLQESGGGLVQAGGSLRLSCAASGRTFSEYAMGWFRQAPGKEREFVATISKSGGNTYYTDSVKGRFTISRDNAKNTVYLQMNSLKPDDTAVYYCAAAGLGRVVSEWSVDYDYWGQGTQVTVSSGS,VHH72_benchmark_both_200/mutation_recovery.csv,,5,1,0.0,0.23252803087234497,37.76824572017208,false
