source,label,variant_combo,variant_count,sequence,esm2_nll,esm2_pll,ablang2_nll,ablang2_ppl,mosaic_sequence_loss,esm2_delta_nll,ablang2_delta_nll,mosaic_sequence_delta_loss,source_csv,rank,edit_count,sample_idx,ipsae_min,iptm,rmsd_pass
publication_grid,WT,WT,0,QVQLQESGGGLVQAGGSLRLSCAASGRTFSEYAMGWFRQAPGKEREFVATISWSGGSTYYTDSVKGRFTISRDNAKNTVYLQMNSLKPDDTAVYYCAAAGLGTVVSEWDYDYDYWGQGTQVTVSSGS,1.3495627641677856,-1.3495627641677856,1.365867018699646,3.9191195964813232,0.2715429782867432,0.0,0.0,0.0,,,,,,,
publication_grid,S56M,S56M,1,QVQLQESGGGLVQAGGSLRLSCAASGRTFSEYAMGWFRQAPGKEREFVATISWSGGMTYYTDSVKGRFTISRDNAKNTVYLQMNSLKPDDTAVYYCAAAGLGTVVSEWDYDYDYWGQGTQVTVSSGS,1.3859151601791382,-1.3859151601791382,1.4121017456054688,4.1045732498168945,0.2798016905784607,0.03635239601135254,0.046234726905822754,0.00825871229171754,,,,,,,
publication_grid,L97W,L97W,1,QVQLQESGGGLVQAGGSLRLSCAASGRTFSEYAMGWFRQAPGKEREFVATISWSGGSTYYTDSVKGRFTISRDNAKNTVYLQMNSLKPDDTAVYYCAAAGWGTVVSEWDYDYDYWGQGTQVTVSSGS,1.3383233547210693,-1.3383233547210693,1.3529291152954102,3.868741035461426,0.26912524700164797,-0.011239409446716309,-0.01293790340423584,-0.0024177312850952037,,,,,,,
publication_grid,T99V,T99V,1,QVQLQESGGGLVQAGGSLRLSCAASGRTFSEYAMGWFRQAPGKEREFVATISWSGGSTYYTDSVKGRFTISRDNAKNTVYLQMNSLKPDDTAVYYCAAAGLGVVVSEWDYDYDYWGQGTQVTVSSGS,1.3553149700164795,-1.3553149700164795,1.3608312606811523,3.8994333744049072,0.2716146230697632,0.005752205848693848,-0.005035758018493652,7.164478302001953e-05,,,,,,,
publication_grid,S56M+L97W,S56M+L97W,2,QVQLQESGGGLVQAGGSLRLSCAASGRTFSEYAMGWFRQAPGKEREFVATISWSGGMTYYTDSVKGRFTISRDNAKNTVYLQMNSLKPDDTAVYYCAAAGWGTVVSEWDYDYDYWGQGTQVTVSSGS,1.375007152557373,-1.375007152557373,1.4029420614242554,4.067148208618164,0.27779492139816286,0.025444388389587402,0.037075042724609375,0.006251943111419689,,,,,,,
publication_grid,S56M+T99V,S56M+T99V,2,QVQLQESGGGLVQAGGSLRLSCAASGRTFSEYAMGWFRQAPGKEREFVATISWSGGMTYYTDSVKGRFTISRDNAKNTVYLQMNSLKPDDTAVYYCAAAGLGVVVSEWDYDYDYWGQGTQVTVSSGS,1.391248106956482,-1.391248106956482,1.4107242822647095,4.098923206329346,0.2801972389221191,0.04168534278869629,0.04485726356506348,0.008654260635375943,,,,,,,
publication_grid,L97W+T99V,L97W+T99V,2,QVQLQESGGGLVQAGGSLRLSCAASGRTFSEYAMGWFRQAPGKEREFVATISWSGGSTYYTDSVKGRFTISRDNAKNTVYLQMNSLKPDDTAVYYCAAAGWGVVVSEWDYDYDYWGQGTQVTVSSGS,1.3478739261627197,-1.3478739261627197,1.3497205972671509,3.8563477993011475,0.26975945234298704,-0.001688838005065918,-0.016146421432495117,-0.0017835259437561368,,,,,,,
publication_grid,S56M+L97W+T99V,S56M+L97W+T99V,3,QVQLQESGGGLVQAGGSLRLSCAASGRTFSEYAMGWFRQAPGKEREFVATISWSGGMTYYTDSVKGRFTISRDNAKNTVYLQMNSLKPDDTAVYYCAAAGWGVVVSEWDYDYDYWGQGTQVTVSSGS,1.3842664957046509,-1.3842664957046509,1.397992491722107,4.047067165374756,0.2782258987426758,0.034703731536865234,0.03212547302246094,0.006682920455932606,,,,,,,
design_csv,design_edit_6_sample_4,,,QVQLQESGGGLVQAGGSLRLSCAASGRTFSSYAMGWFRQAPGKEREFVATISGSGGSTYYGDSVKGRFTISRDNAKNTVYLQMNSLKPDDTAVYYCAAAGGGTVVSSWDYYYDYWGQGTQVTVSSGS,1.2199819087982178,-1.2199819087982178,1.2032511234283447,3.3309285640716553,0.24232330322265627,-0.12958085536956787,-0.16261589527130127,-0.029219675064086903,VHH72_benchmark_both_200/mutation_recovery.csv,,6,4,0.7180247902870178,0.8636144995689392,false
design_csv,design_edit_5_sample_0,,,QVQLQESGGGLVQAGGSLRLSCAASGRTFSWYAMGWFRQAPGKEREFVATISWSGGSTYYTDSVKGRFTISRDNAKNTVYLQMNSLKPDDTAVYYCAAAGLGTVVMWWDNSYDYWGQGTQVTVSSGS,1.366058588027954,-1.366058588027954,1.3609474897384644,3.8998866081237793,0.27270060777664185,0.016495823860168457,-0.004919528961181641,0.0011576294898986705,VHH72_benchmark_both_200/mutation_recovery.csv,,5,0,0.7166540026664734,0.8475276231765747,false
design_csv,design_edit_6_sample_4,,,QVQLQESGGGLVQAGGSLRLSCAASGRTFSSYAMGWFRQAPGKEREFVATISWSGGSTYYTDSVKGRFTISRDNAKNTVYLQMNSLKPDDTAVYYCAAAGLGSVSSGWSYYYDYWGQGTQVTVSSGS,1.2566211223602295,-1.2566211223602295,1.2104153633117676,3.3548777103424072,0.2467036485671997,-0.09294164180755615,-0.15545165538787842,-0.024839329719543474,VHH72_benchmark_both_200/mutation_recovery.csv,,6,4,0.7058035135269165,0.8373827338218689,false
design_csv,design_edit_7_sample_0,,,QVQLQESGGGLVQAGGSLRLSCAASGRTFSEYAMGWFRQAPGKEREFVATISGSGGSTYYGDSVKGRFTISRDNAKNTVYLQMNSLKPDDTAVYYCAAAGGGTVSSGWYYYYDYWGQGTQVTVSSGS,1.2573832273483276,-1.2573832273483276,1.2068219184875488,3.342844009399414,0.24642051458358766,-0.09217953681945801,-0.15904510021209717,-0.025122463703155518,VHH72_benchmark_both_200/mutation_recovery.csv,,7,0,0.6986771821975708,0.8333606123924255,false
design_csv,design_edit_7_sample_3,,,QVQLQESGGGLVQAGGSLRLSCAASGRTFSSYAMGWFRQAPGKEREFVATISGSGGSTYYGDSVKGRFTISRDNAKNTVYLQMNSLKPDDTAVYYCAAAGLGTVVSFWSGYYDYWGQGTQVTVSSGS,1.2417672872543335,-1.2417672872543335,1.1617815494537354,3.1956214904785156,0.24035488367080687,-0.10779547691345215,-0.20408546924591064,-0.0311880946159363,VHH72_benchmark_both_200/mutation_recovery.csv,,7,3,0.6965199112892151,0.8082784414291382,false
design_csv,design_edit_6_sample_1,,,QVQLQESGGGLVQAGGSLRLSCAASGRTFSSYAMGWFRQAPGKEREFVATISGSGGSTYYTDSVKGRFTISRDNAKNTVYLQMNSLKPDDTAVYYCAAAGLGTVVVTWGYYYDYWGQGTQVTVSSGS,1.2559479475021362,-1.2559479475021362,1.1714527606964111,3.2266767024993896,0.24274007081985474,-0.09361481666564941,-0.19441425800323486,-0.028802907466888433,VHH72_benchmark_both_200/mutation_recovery.csv,,6,1,0.695183515548706,0.8295494318008423,false
design_csv,design_edit_7_sample_2,,,QVQLQESGGGLVQAGGSLRLSCAASGRTFSSYAMGWFRQAPGKEREFVATISGSGGSTYYTDSVKGRFTISRDNAKNTVYLQMNSLKPDDTAVYYCAAAGLGTVGSGSYYSYDYWGQGTQVTVSSGS,1.2042536735534668,-1.2042536735534668,1.232668399810791,3.430371046066284,0.2436922073364258,-0.14530909061431885,-0.13319861888885498,-0.027850770950317377,VHH72_benchmark_both_200/mutation_recovery.csv,,7,2,0.6912948489189148,0.8484921455383301,false
design_csv,design_edit_5_sample_2,,,QVQLQESGGGLVQAGGSLRLSCAASGRTFSNYAMGWFRQAPGKEREFVATISGSFGTTYYTDSVKGRFTISRDNAKNTVYLQMNSLKPDDTAVYYCAAAGLVTVVSEWDYDYDYWGQGTQVTVSSGS,1.359010100364685,-1.359010100364685,1.352055311203003,3.8653619289398193,0.2711065411567688,0.009447336196899414,-0.013811707496643066,-0.00043643712997437634,VHH72_benchmark_both_200/mutation_recovery.csv,,5,2,0.6844678521156311,0.8169692754745483,false
design_csv,design_edit_7_sample_3,,,QVQLQESGGGLVQAGGSLRLSCAASGRTFSSYAMGWFRQAPGKEREFVATISGSGGSTYYTDSVKGRFTISRDNAKNTVYLQMNSLKPDDTAVYYCAAAGLGTYSSSWPYYYDYWGQGTQVTVSSGS,1.230847954750061,-1.230847954750061,1.1807094812393188,3.2566840648651123,0.241155743598938,-0.11871480941772461,-0.18515753746032715,-0.030387234687805187,VHH72_benchmark_both_200/mutation_recovery.csv,,7,3,0.6798630356788635,0.8213499784469604,false
design_csv,design_edit_6_sample_0,,,QVQLQESGGGLVQAGGSLRLSCAASGRTFSSYAMGWFRQAPGKEREFVATISWSGGSTYYGDSVKGRFTISRDNAKNTVYLQMNSLKPDDTAVYYCAAAGLGTVSSSWSYYYDYWGQGTQVTVSSGS,1.2429256439208984,-1.2429256439208984,1.2092108726501465,3.350839376449585,0.24521365165710451,-0.10663712024688721,-0.1566561460494995,-0.02632932662963866,VHH72_benchmark_both_200/mutation_recovery.csv,,6,0,0.6757621765136719,0.8016671538352966,false
design_csv,design_edit_5_sample_4,,,QVQLQESGGGLVQAGGSLRLSCAASGRTFSSYAMGWFRQAPGKEREFVATISWSGGGTYYTDSVKGRFTISRDNAKNTVYLQMNSLKPDDTAVYYCAAAALGTVRSEWDSDYDYWGQGTQVTVSSGS,1.313944697380066,-1.313944697380066,1.3392254114151,3.816086530685425,0.2653170108795166,-0.03561806678771973,-0.0266416072845459,-0.006225967407226585,VHH72_benchmark_both_200/mutation_recovery.csv,,5,4,0.6701041460037231,0.8049812912940979,false
design_csv,design_edit_7_sample_2,,,QVQLQESGGGLVQAGGSLRLSCAASGRTFSSYAMGWFRQAPGKEREFVATISGSGGSTYYTDSVKGRFTISRDNAKNTVYLQMNSLKPDDTAVYYCAAAGGGTVVSFWSGYYDYWGQGTQVTVSSGS,1.235150694847107,-1.235150694847107,1.1654229164123535,3.2072789669036865,0.24005736112594606,-0.11441206932067871,-0.20044410228729248,-0.03148561716079712,VHH72_benchmark_both_200/mutation_recovery.csv,,7,2,0.6682993173599243,0.7934991121292114,false
design_csv,design_edit_6_sample_1,,,QVQLQESGGGLVQAGGSLRLSCAASGRTFSSYAMGWFRQAPGKEREFVATISGSGGSTYYTDSVKGRFTISRDNAKNTVYLQMNSLKPDDTAVYYCAAAGLGSVVSGWPYYYDYWGQGTQVTVSSGS,1.2557727098464966,-1.2557727098464966,1.2371495962142944,3.445777416229248,0.2492922306060791,-0.09379005432128906,-0.12871742248535156,-0.022250747680664068,VHH72_benchmark_both_200/mutation_recovery.csv,,6,1,0.6664903163909912,0.8391988277435303,false
design_csv,design_edit_5_sample_3,,,QVQLQESGGGLVQAGGSLRLSCAASGRTFSEYAMGWFRQAPGKEREFVATISWSGGSTYYTDSVKGRFTISRDNAKNTVYLQMNSLKPDDTAVYYCAAAGHGAVVRQWTYDYDYWGQGTQVTVSSGS,1.3535747528076172,-1.3535747528076172,1.4274048805236816,4.1678690910339355,0.27809796333312986,0.004011988639831543,0.061537861824035645,0.0065549850463866854,VHH72_benchmark_both_200/mutation_recovery.csv,,5,3,0.6568750143051147,0.807847797870636,false
design_csv,design_edit_6_sample_4,,,QVQLQESGGGLVQAGGSLRLSCAASGRTFSSYAMGWFRQAPGKEREFVATISWSGGSTYYTDSVKGRFTISRDNAKNTVYLQMNSLKPDDTAVYYCAAAGGGGGGSGWDYDYDYWGQGTQVTVSSGS,1.205254077911377,-1.205254077911377,1.289502501487732,3.6309797763824463,0.2494756579399109,-0.1443086862564087,-0.07636451721191406,-0.022067320346832286,VHH72_benchmark_both_200/mutation_recovery.csv,,6,4,0.6550157070159912,0.7920675277709961,false
design_csv,design_edit_5_sample_2,,,QVQLQESGGGLVQAGGSLRLSCAASGRTFSEYAMGWFRQAPGKEREFVATISVSGGSTYYTDSVKGRFTISRDNAKNTVYLQMNSLKPDDTAVYYCAAAGVGTVVLDWDVDYDYWGQGTQVTVSSGS,1.3526397943496704,-1.3526397943496704,1.3628102540969849,3.9071578979492188,0.27154500484466554,0.0030770301818847656,-0.003056764602661133,2.0265579223632812e-06,VHH72_benchmark_both_200/mutation_recovery.csv,,5,2,0.6542088985443115,0.7788355946540833,false
design_csv,design_edit_6_sample_4,,,QVQLQESGGGLVQAGGSLRLSCAASGRTFSSYAMGWFRQAPGKEREFVATISGSGGSTYYTDSVKGRFTISRDNAKNTVYLQMNSLKPDDTAVYYCAAAGLCTVSSCWDYYYDYWGQGTQVTVSSGS,1.2567763328552246,-1.2567763328552246,1.1858724355697632,3.2735414505004883,0.2442648768424988,-0.09278643131256104,-0.1799945831298828,-0.027278101444244363,VHH72_benchmark_both_200/mutation_recovery.csv,,6,4,0.6539624929428101,0.78455650806427,false
design_csv,design_edit_7_sample_1,,,QVQLQESGGGLVQAGGSLRLSCAASGRTFSSYAMGWFRQAPGKEREFVATISGSGGSTYYTDSVKGRFTISRDNAKNTVYLQMNSLKPDDTAVYYCAAAGGGTVVVTWGYYYDYWGQGTQVTVSSGS,1.2350317239761353,-1.2350317239761353,1.1520605087280273,3.1647071838378906,0.23870922327041627,-0.11453104019165039,-0.21380650997161865,-0.032833755016326904,VHH72_benchmark_both_200/mutation_recovery.csv,,7,1,0.6455856561660767,0.7967772483825684,false
design_csv,design_edit_5_sample_4,,,QVQLQESGGGLVQAGGSLRLSCAASGRTFSGYAMGWFRQAPGKEREFVATISGSGGSTYYTDSTKGRFTISRDNAKNTVYLQMNSLKPDDTAVYYCAAAGWGIVVSEWDYDYDYWGQGTQVTVSSGS,1.330741286277771,-1.330741286277771,1.3404418230056763,3.8207311630249023,0.2671183109283447,-0.01882147789001465,-0.025425195693969727,-0.004424667358398471,VHH72_benchmark_both_200/mutation_recovery.csv,,5,4,0.6385310888290405,0.7627286911010742,false
design_csv,design_edit_7_sample_3,,,QVQLQESGGGLVQAGGSLRLSCAASGRTFSSYAMGWFRQAPGKEREFVATISGSGGSTYYGDSVKGRFTISRDNAKNTVYLQMNSLKPDDTAVYYCAAAGLGTVSSSWSYYYDYWGQGTQVTVSSGS,1.2127940654754639,-1.2127940654754639,1.1887089014053345,3.2828400135040283,0.24015029668807986,-0.13676869869232178,-0.17715811729431152,-0.03139268159866332,VHH72_benchmark_both_200/mutation_recovery.csv,,7,3,0.6373872756958008,0.7776956558227539,false
design_csv,design_edit_7_sample_4,,,QVQLQESGGGLVQAGGSLRLSCAASGRTFSSYAMGWFRQAPGKEREFVATISGSGGSTYYTDSVKGRFTISRDNAKNTVYLQMNSLKPDDTAVYYCAAAGLGVVVSGWGSGYDYWGQGTQVTVSSGS,1.232498288154602,-1.232498288154602,1.198325276374817,3.314561367034912,0.2430823564529419,-0.1170644760131836,-0.1675417423248291,-0.02846062183380127,VHH72_benchmark_both_200/mutation_recovery.csv,,7,4,0.637342095375061,0.8078131675720215,false
design_csv,design_edit_6_sample_0,,,QVQLQESGGGLVQAGGSLRLSCAASGRTFSSYAMGWFRQAPGKEREFVATISWSGGSTYYTDSVKGRFTISRDNAKNTVYLQMNSLKPDDTAVYYCAAAGLGTVSSGWSSGYDYWGQGTQVTVSSGS,1.2583807706832886,-1.2583807706832886,1.222695231437683,3.396329402923584,0.24810760021209718,-0.09118199348449707,-0.1431717872619629,-0.02343537807464599,VHH72_benchmark_both_200/mutation_recovery.csv,,6,0,0.6363440752029419,0.7874470949172974,false
design_csv,design_edit_5_sample_2,,,QVQLQESGGGLVQAGGSLRLSCAASGRTFSEYAMGWFRQAPGKEREFVATISWSGGSTYYTDSVKGRFTISRDNAKNTVYLQMNSLKPDDTAVYYCAAAVAGTGPSWWDYDYDYWGQGTQVTVSSGS,1.3425854444503784,-1.3425854444503784,1.3130748271942139,3.7175869941711426,0.2655660271644592,-0.0069773197174072266,-0.05279219150543213,-0.005976951122283969,VHH72_benchmark_both_200/mutation_recovery.csv,,5,2,0.6363152265548706,0.7801563739776611,false
design_csv,design_edit_6_sample_4,,,QVQLQESGGGLVQAGGSLRLSCAASGRTFSSYAMGWFRQAPGKEREFVATISGSGGSTYYTDSVKGRFTISRDNAKNTVYLQMNSLKPDDTAVYYCAAAGGGTVSSGWDGDYDYWGQGTQVTVSSGS,1.2404260635375977,-1.2404260635375977,1.2399359941482544,3.455392360687256,0.2480362057685852,-0.10913670063018799,-0.1259310245513916,-0.02350677251815797,VHH72_benchmark_both_200/mutation_recovery.csv,,6,4,0.6361303329467773,0.7989205121994019,false
design_csv,design_edit_7_sample_1,,,QVQLQESGGGLVQAGGSLRLSCAASGRTFSSYAMGWFRQAPGKEREFVATISGSGGSTYYGDSVKGRFTISRDNAKNTVYLQMNSLKPDDTAVYYCAAAGLGTVVTGWGYFYDYWGQGTQVTVSSGS,1.2328892946243286,-1.2328892946243286,1.1821634769439697,3.2614223957061768,0.24150527715682985,-0.11667346954345703,-0.18370354175567627,-0.03003770112991333,VHH72_benchmark_both_200/mutation_recovery.csv,,7,1,0.6306546330451965,0.7926580309867859,false
design_csv,design_edit_5_sample_3,,,QVQLQESGGGLVQAGGSLRLSCAASGRTFSEYAMGWFRQAPGKEREFVATISWSGGNTYMTDSVRGRFTISRDNAKNTVYLQMNSLKPDDTAVYYCAAAGLGTVVEIWDYDYDYWGQGTQVTVSSGS,1.4176031351089478,-1.4176031351089478,1.474564552307129,4.3691325187683105,0.2892167687416077,0.06804037094116211,0.10869753360748291,0.017673790454864502,VHH72_benchmark_both_200/mutation_recovery.csv,,5,3,0.6218302249908447,0.7876828908920288,false
design_csv,design_edit_6_sample_3,,,QVQLQESGGGLVQAGGSLRLSCAASGRTFSSYAMGWFRQAPGKEREFVATISGSGGSTYYTDSVKGRFTISRDNAKNTVYLQMNSLKPDDTAVYYCAAAGGGTVSSGWDYYYDYWGQGTQVTVSSGS,1.220107913017273,-1.220107913017273,1.2164597511291504,3.3752174377441406,0.24365676641464235,-0.1294548511505127,-0.1494072675704956,-0.02788621187210083,VHH72_benchmark_both_200/mutation_recovery.csv,,6,3,0.6175317764282227,0.7698818445205688,false
design_csv,design_edit_6_sample_2,,,QVQLQESGGGLVQAGGSLRLSCAASGRTFSSYAMGWFRQAPGKEREFVATISGSGGSTYYTDSVKGRFTISRDNAKNTVYLQMNSLKPDDTAVYYCAAAGRGTVVSTWGYYYDYWGQGTQVTVSSGS,1.2350596189498901,-1.2350596189498901,1.18245530128479,3.2623744010925293,0.24175149202346802,-0.11450314521789551,-0.18341171741485596,-0.029791486263275158,VHH72_benchmark_both_200/mutation_recovery.csv,,6,2,0.6158922910690308,0.7822762727737427,false
design_csv,design_edit_7_sample_3,,,QVQLQESGGGLVQAGGSLRLSCAASGRTFSSYAMGWFRQAPGKEREFVATISGSGGSTYYGDSVKGRFTISRDNAKNTVYLQMNSLKPDDTAVYYCAAAGWGTVVTEWGYYYDYWGQGTQVTVSSGS,1.2209150791168213,-1.2209150791168213,1.168789029121399,3.2180933952331543,0.23897041082382203,-0.12864768505096436,-0.19707798957824707,-0.03257256746292114,VHH72_benchmark_both_200/mutation_recovery.csv,,7,3,0.6116968393325806,0.7748565673828125,false
design_csv,design_edit_5_sample_3,,,QVQLQESGGGLVQAGGSLRLSCAASGRTFSEYAMGWFRQAPGKEREFVATISWSGASTYYTDSVKGRFTISRDNAKNTVYLQMNSLKPDDTAVYYCAAAGTGTVVSRWVPDYDYWGQGTQVTVSSGS,1.356885552406311,-1.356885552406311,1.369905948638916,3.934980630874634,0.2726791501045227,0.007322788238525391,0.0040389299392700195,0.00113617181777953,VHH72_benchmark_both_200/mutation_recovery.csv,,5,3,0.6109671592712402,0.7672954797744751,false
design_csv,design_edit_7_sample_4,,,QVQLQESGGGLVQAGGSLRLSCAASGRTFSSYAMGWFRQAPGKEREFVATISGSGGSTYYTDSVKGRFTISRDNAKNTVYLQMNSLKPDDTAVYYCAAAGGGTVVSGWGSGYDYWGQGTQVTVSSGS,1.2081867456436157,-1.2081867456436157,1.2152116298675537,3.3710074424743652,0.24233983755111693,-0.14137601852416992,-0.15065538883209229,-0.029203140735626243,VHH72_benchmark_both_200/mutation_recovery.csv,,7,4,0.6096569895744324,0.7717626094818115,false
design_csv,design_edit_7_sample_3,,,QVQLQESGGGLVQAGGSLRLSCAASGRTFSSYAMGWFRQAPGKEREFVATISGSGGSTYYGDSVKGRFTISRDNAKNTVYLQMNSLKPDDTAVYYCAAAGRGTVVSTWGYYYDYWGQGTQVTVSSGS,1.2182823419570923,-1.2182823419570923,1.1652647256851196,3.2067716121673584,0.2383547067642212,-0.13128042221069336,-0.20060229301452637,-0.03318827152252196,VHH72_benchmark_both_200/mutation_recovery.csv,,7,3,0.60833740234375,0.7721757888793945,false
design_csv,design_edit_6_sample_0,,,QVQLQESGGGLVQAGGSLRLSCAASGRTFSSYAMGWFRQAPGKEREFVATISGSGGSTYYTDSVKGRFTISRDNAKNTVYLQMNSLKPDDTAVYYCAAAGWGTTVSTWDYYYDYWGQGTQVTVSSGS,1.2457884550094604,-1.2457884550094604,1.1571305990219116,3.180793046951294,0.24029190540313722,-0.1037743091583252,-0.20873641967773438,-0.03125107288360596,VHH72_benchmark_both_200/mutation_recovery.csv,,6,0,0.6061831712722778,0.7313197255134583,false
design_csv,design_edit_6_sample_3,,,QVQLQESGGGLVQAGGSLRLSCAASGRTFSSYAMGWFRQAPGKEREFVATISGSGGSTYYTDSVKGRFTISRDNAKNTVYLQMNSLKPDDTAVYYCAAAGLGTVSSGWYYYYDYWGQGTQVTVSSGS,1.2472805976867676,-1.2472805976867676,1.188435435295105,3.281942367553711,0.24357160329818728,-0.10228216648101807,-0.17743158340454102,-0.027971374988555897,VHH72_benchmark_both_200/mutation_recovery.csv,,6,3,0.6046687960624695,0.7665243148803711,false
design_csv,design_edit_7_sample_1,,,QVQLQESGGGLVQAGGSLRLSCAASGRTFSSYAMGWFRQAPGKEREFVATISWSGGSTYYGDSVKGRFTISRDNAKNTVYLQMNSLKPDDTAVYYCAAAGLGTGSSSWSYYYDYWGQGTQVTVSSGS,1.2326295375823975,-1.2326295375823975,1.1868906021118164,3.276876211166382,0.2419520139694214,-0.11693322658538818,-0.1789764165878296,-0.029590964317321777,VHH72_benchmark_both_200/mutation_recovery.csv,,7,1,0.5997305512428284,0.7346664667129517,false
design_csv,design_edit_6_sample_0,,,QVQLQESGGGLVQAGGSLRLSCAASGRTFSSYAMGWFRQAPGKEREFVATISWSGGSTYYTDSVKGRFTISRDNAKNTVYLQMNSLKPDDTAVYYCAAAGGGTVSSGWSYYYDYWGQGTQVTVSSGS,1.2397708892822266,-1.2397708892822266,1.1973881721496582,3.3114564418792725,0.2437159061431885,-0.10979187488555908,-0.1684788465499878,-0.027827072143554676,VHH72_benchmark_both_200/mutation_recovery.csv,,6,0,0.5961254239082336,0.7411725521087646,false
design_csv,design_edit_6_sample_4,,,QVQLQESGGGLVQAGGSLRLSCAASGRTFSSYAMGWFRQAPGKEREFVATISGSGGSTYYGDSVKGRFTISRDNAKNTVYLQMNSLKPDDTAVYYCAAAGLGTVSSSWDYYYDYWGQGTQVTVSSGS,1.2255202531814575,-1.2255202531814575,1.2031766176223755,3.3306801319122314,0.2428696870803833,-0.12404251098632812,-0.1626904010772705,-0.028673291206359863,VHH72_benchmark_both_200/mutation_recovery.csv,,6,4,0.5955479145050049,0.755176305770874,false
design_csv,design_edit_5_sample_2,,,QVQLQESGGGLVQAGGSLRLSCAASGRTFSSYAMGWFRQAPGKEREFVATISWSGGSTYYADSVKGRFTISRDNAKNTVYLQMNSLKPDDTAVYYCAAAGLSTVVSSWTYDYDYWGQGTQVTVSSGS,1.2728235721588135,-1.2728235721588135,1.300934910774231,3.6727285385131836,0.25737584829330445,-0.07673919200897217,-0.06493210792541504,-0.01416712999343872,VHH72_benchmark_both_200/mutation_recovery.csv,,5,2,0.5909169912338257,0.7320553064346313,false
design_csv,design_edit_6_sample_1,,,QVQLQESGGGLVQAGGSLRLSCAASGRTFSSYAMGWFRQAPGKEREFVATISGSGGSTYYTDSVKGRFTISRDNAKNTVYLQMNSLKPDDTAVYYCAAAGLGTVVTGWGYFYDYWGQGTQVTVSSGS,1.2500293254852295,-1.2500293254852295,1.1897008419036865,3.286098003387451,0.2439730167388916,-0.09953343868255615,-0.17616617679595947,-0.027569961547851574,VHH72_benchmark_both_200/mutation_recovery.csv,,6,1,0.5857226848602295,0.7636011838912964,false
design_csv,design_edit_7_sample_3,,,QVQLQESGGGLVQAGGSLRLSCAASGRTFSSYAMGWFRQAPGKEREFVATISGSGGSTYYTDSVKGRFTISRDNAKNTVYLQMNSLKPDDTAVYYCAAAGGGWVRSYSDYDYDYWGQGTQVTVSSGS,1.261751413345337,-1.261751413345337,1.2049391269683838,3.3365559577941895,0.24666905403137207,-0.08781135082244873,-0.1609278917312622,-0.024873924255371105,VHH72_benchmark_both_200/mutation_recovery.csv,,7,3,0.5853164196014404,0.760940432548523,false
design_csv,design_edit_6_sample_1,,,QVQLQESGGGLVQAGGSLRLSCAASGRTFSSYAMGWFRQAPGKEREFVATISGSGGSTYYTDSVKGRFTISRDNAKNTVYLQMNSLKPDDTAVYYCAAAGRGTVSSSWDYYYDYWGQGTQVTVSSGS,1.220381498336792,-1.220381498336792,1.2136043310165405,3.365593671798706,0.24339858293533329,-0.12918126583099365,-0.15226268768310547,-0.02814439535140989,VHH72_benchmark_both_200/mutation_recovery.csv,,6,1,0.5839550495147705,0.7172799110412598,false
design_csv,design_edit_6_sample_3,,,QVQLQESGGGLVQAGGSLRLSCAASGRTFSSYAMGWFRQAPGKEREFVATISGSGGSTYYTDSVKGRFTISRDNAKNTVYLQMNSLKPDDTAVYYCAAAGLGYSVSSWDYYYDYWGQGTQVTVSSGS,1.2497771978378296,-1.2497771978378296,1.2003015279769897,3.3211183547973633,0.24500787258148193,-0.09978556632995605,-0.16556549072265625,-0.02653510570526124,VHH72_benchmark_both_200/mutation_recovery.csv,,6,3,0.5829192996025085,0.7513240575790405,false
design_csv,design_edit_5_sample_1,,,QVQLQESGGGLVQAGGSLRLSCAASGRTFSDYAMGWFRQAPGKEREFVATISWTGGSFYYTDSVKGRFTISRDNAKNTVYLQMNSLKPDDTAVYYCAAAGLTTVVSYWDYDYDYWGQGTQVTVSSGS,1.370999813079834,-1.370999813079834,1.3840538263320923,3.9910478591918945,0.2755053639411926,0.02143704891204834,0.01818680763244629,0.003962385654449452,VHH72_benchmark_both_200/mutation_recovery.csv,,5,1,0.5804014205932617,0.7382960319519043,false
design_csv,design_edit_6_sample_3,,,QVQLQESGGGLVQAGGSLRLSCAASGRTFSSYAMGWFRQAPGKEREFVATISGSGGSTYYTDSVKGRFTISRDNAKNTVYLQMNSLKPDDTAVYYCAAAGGGGVVSGWDYYYDYWGQGTQVTVSSGS,1.2249751091003418,-1.2249751091003418,1.2115180492401123,3.358579158782959,0.24364931583404542,-0.12458765506744385,-0.1543489694595337,-0.027893662452697754,VHH72_benchmark_both_200/mutation_recovery.csv,,6,3,0.5799198150634766,0.7477302551269531,false
design_csv,design_edit_6_sample_2,,,QVQLQESGGGLVQAGGSLRLSCAASGRTFSSYAMGWFRQAPGKEREFVATISPSGGSTYYTDSVKGRFTISRDNAKNTVYLQMNSLKPDDTAVYYCAAAGGGTVVSLWGGDYDYWGQGTQVTVSSGS,1.2357070446014404,-1.2357070446014404,1.2452877759933472,3.4739341735839844,0.2480994820594788,-0.11385571956634521,-0.12057924270629883,-0.023443496227264382,VHH72_benchmark_both_200/mutation_recovery.csv,,6,2,0.5712877511978149,0.7199882864952087,false
design_csv,design_edit_7_sample_1,,,QVQLQESGGGLVQAGGSLRLSCAASGRTFSSYAMGWFRQAPGKEREFVATISGSGGSTYYTDSVKGRFTISRDNAKNTVYLQMNSLKPDDTAVYYCAAAGWGSSSSEWDYYYDYWGQGTQVTVSSGS,1.208534598350525,-1.208534598350525,1.2189189195632935,3.3835277557373047,0.24274535179138185,-0.14102816581726074,-0.14694809913635254,-0.028797626495361328,VHH72_benchmark_both_200/mutation_recovery.csv,,7,1,0.5671818256378174,0.7081875801086426,false
design_csv,design_edit_7_sample_0,,,QVQLQESGGGLVQAGGSLRLSCAASGRTFSEYAMGWFRQAPGKEREFVATISGSGGSTYYTDSVKGRFTISRDNAKNTVYLQMNSLKPDDTAVYYCAAAGGGGVSSGWYYYYDYWGQGTQVTVSSGS,1.272796869277954,-1.272796869277954,1.2063548564910889,3.341282844543457,0.24791517257690432,-0.07676589488983154,-0.15951216220855713,-0.023627805709838856,VHH72_benchmark_both_200/mutation_recovery.csv,,7,0,0.5662132501602173,0.7218780517578125,false
design_csv,design_edit_6_sample_0,,,QVQLQESGGGLVQAGGSLRLSCAASGRTFSSYAMGWFRQAPGKEREFVATISGSGGSTYYTDSVKGRFTISRDNAKNTVYLQMNSLKPDDTAVYYCAAAGLGTYSSSWDYYYDYWGQGTQVTVSSGS,1.2250388860702515,-1.2250388860702515,1.2102605104446411,3.354358434677124,0.24352993965148928,-0.12452387809753418,-0.15560650825500488,-0.028013038635253895,VHH72_benchmark_both_200/mutation_recovery.csv,,6,0,0.5628540515899658,0.7221601009368896,false
design_csv,design_edit_6_sample_4,,,QVQLQESGGGLVQAGGSLRLSCAASGRTFSSYAMGWFRQAPGKEREFVATISGSGGSTYYTDSVKGRFTISRDNAKNTVYLQMNSLKPDDTAVYYCAAAGLGSSSSEWDYYYDYWGQGTQVTVSSGS,1.231421709060669,-1.231421709060669,1.2328578233718872,3.431020736694336,0.24642795324325562,-0.1181410551071167,-0.1330091953277588,-0.02511502504348756,VHH72_benchmark_both_200/mutation_recovery.csv,,6,4,0.5604772567749023,0.709896445274353,false
design_csv,design_edit_7_sample_0,,,QVQLQESGGGLVQAGGSLRLSCAASGRTFSSYAMGWFRQAPGKEREFVATISGSGGSTYYTDSVKGRFTISRDNAKNTVYLQMNSLKPDDTAVYYCAAAGGGTVSSGWYYYYDYWGQGTQVTVSSGS,1.224308967590332,-1.224308967590332,1.1648614406585693,3.2054786682128906,0.23891704082489015,-0.1252537965774536,-0.20100557804107666,-0.03262593746185302,VHH72_benchmark_both_200/mutation_recovery.csv,,7,0,0.5582070350646973,0.7228589057922363,false
