target,expected_binding,template_mode,sample_idx,sampling_steps,recycling_steps,ipsae_pae_cutoff,iptm,bt_ipsae,tb_ipsae,ipsae_min,ipae_min,bt_pae_mean,tb_pae_mean,structure_path,target_ca_rmsd_target_aligned,binder_ca_rmsd_target_aligned,target_ca_rmsd_n,binder_ca_rmsd_n,cdr_ca_rmsd_target_aligned,cdr_ca_rmsd_n,geom_interface_atom_contacts_refolded,geom_interface_residue_contacts_refolded,geom_hbonds_refolded,geom_hbond_atom_pairs_refolded,geom_saltbridges_refolded,geom_saltbridge_atom_pairs_refolded,geom_hydrophobic_contacts_refolded,geom_hydrophobic_atom_pairs_refolded,geom_interaction_score_refolded,rmsd_filter_threshold,rmsd_pass
alpha,binder,target_plus_framework_binder_template,0,200,3,12.0,0.8666954040527344,0.7267163991928101,0.8064063787460327,0.7267163991928101,1.6279025077819824,6.482059001922607,5.743448257446289,vhh/P17_boltz2_template_mode_fw_s5_rmsd5/structures/alpha/target_plus_framework_binder_template/sample_0.cif,1.0035558510548839,5.134951989405714,195,123,2.6130256434161705,29,246,42,7,10,0,0,9,34,16,5.0,False
alpha,binder,target_plus_framework_binder_template,1,200,3,12.0,0.8737799525260925,0.7347561120986938,0.8118199706077576,0.7347561120986938,1.5598989725112915,6.368193626403809,5.344581127166748,vhh/P17_boltz2_template_mode_fw_s5_rmsd5/structures/alpha/target_plus_framework_binder_template/sample_1.cif,0.8535063378466746,2.780797692999625,195,123,2.4412045298008733,29,300,48,9,13,0,0,9,44,18,5.0,True
alpha,binder,target_plus_framework_binder_template,2,200,3,12.0,0.895675539970398,0.763874888420105,0.8326336741447449,0.763874888420105,1.049586534500122,6.072050094604492,4.608588218688965,vhh/P17_boltz2_template_mode_fw_s5_rmsd5/structures/alpha/target_plus_framework_binder_template/sample_2.cif,0.47966639637020003,2.8186619948087097,195,123,1.7077356566521424,29,315,50,12,14,0,0,9,49,21,5.0,True
alpha,binder,target_plus_framework_binder_template,3,200,3,12.0,0.8446433544158936,0.6952356100082397,0.7753325700759888,0.6952356100082397,1.8669002056121826,7.009212970733643,5.915017127990723,vhh/P17_boltz2_template_mode_fw_s5_rmsd5/structures/alpha/target_plus_framework_binder_template/sample_3.cif,0.6201662047155552,4.905478593203853,195,123,3.2968995521169204,29,277,44,10,14,0,0,9,47,19,5.0,True
alpha,binder,target_plus_framework_binder_template,4,200,3,12.0,0.9056206941604614,0.7658441066741943,0.8553473949432373,0.7658441066741943,0.9699007868766785,5.331750392913818,4.635900497436523,vhh/P17_boltz2_template_mode_fw_s5_rmsd5/structures/alpha/target_plus_framework_binder_template/sample_4.cif,0.7968111540729953,4.568509597343794,195,123,2.0464330894017895,29,268,55,10,15,0,0,8,30,18,5.0,True
jn1,negative_or_escape,target_plus_framework_binder_template,0,200,3,12.0,0.5630589723587036,0.3315456211566925,0.4641112685203552,0.3315456211566925,6.016845226287842,13.121081352233887,14.494836807250977,vhh/P17_boltz2_template_mode_fw_s5_rmsd5/structures/jn1/target_plus_framework_binder_template/sample_0.cif,2.058959358091787,54.79551373372073,184,123,43.36820456888829,29,267,48,10,11,1,5,5,25,16,5.0,False
jn1,negative_or_escape,target_plus_framework_binder_template,1,200,3,12.0,0.5922109484672546,0.36531737446784973,0.4957345426082611,0.36531737446784973,5.69450044631958,12.305686950683594,14.01412582397461,vhh/P17_boltz2_template_mode_fw_s5_rmsd5/structures/jn1/target_plus_framework_binder_template/sample_1.cif,1.892964002861991,57.99258810760999,184,123,43.78325721822317,29,311,54,14,19,1,5,6,15,21,5.0,False
jn1,negative_or_escape,target_plus_framework_binder_template,2,200,3,12.0,0.3741730749607086,0.14454585313796997,0.0,0.0,11.498679161071777,18.086772918701172,20.332603454589844,vhh/P17_boltz2_template_mode_fw_s5_rmsd5/structures/jn1/target_plus_framework_binder_template/sample_2.cif,2.0066960371489833,12.16737082194001,184,123,6.808043325985593,29,250,39,8,10,2,6,7,24,17,5.0,False
jn1,negative_or_escape,target_plus_framework_binder_template,3,200,3,12.0,0.6356385946273804,0.4398428797721863,0.5655633807182312,0.4398428797721863,5.093119144439697,10.965948104858398,12.72463321685791,vhh/P17_boltz2_template_mode_fw_s5_rmsd5/structures/jn1/target_plus_framework_binder_template/sample_3.cif,1.987952941929262,58.40204717717176,184,123,43.60843292479091,29,358,61,16,21,1,5,8,21,25,5.0,False
jn1,negative_or_escape,target_plus_framework_binder_template,4,200,3,12.0,0.6586148142814636,0.47842222452163696,0.592685878276825,0.47842222452163696,4.4971747398376465,10.333785057067871,12.124505996704102,vhh/P17_boltz2_template_mode_fw_s5_rmsd5/structures/jn1/target_plus_framework_binder_template/sample_4.cif,1.912854104410233,58.06838893877366,184,123,43.779645802810045,29,277,49,14,16,1,3,5,13,20,5.0,False
